"";"";"";"";"";"";"";"";"";"";"";"";"";"";"";"";"";"";"";"";"";"";"";"";""
[HEADER];"";"";"";"";"";"";"";"";"";"";"";"";"";"";"";"";"";"";"";"";"";"";"";""
Project name;Tét Napelempark;"";"";"";"";"";"";"";"";"";"";"";"";"";"";"";"";"";"";"";"";"";"";""
Project ID;22.4295;"";"";"";"";"";"";"";"";"";"";"";"";"";"";"";"";"";"";"";"";"";"";""
Project location name; Tet Napelempark;"";"";"";"";"";"";"";"";"";"";"";"";"";"";"";"";"";"";"";"";"";"";""
Project location ID;"";"";"";"";"";"";"";"";"";"";"";"";"";"";"";"";"";"";"";"";"";"";"";""
Country of project;Hungary;"";"";"";"";"";"";"";"";"";"";"";"";"";"";"";"";"";"";"";"";"";"";""
Land of project;"";"";"";"";"";"";"";"";"";"";"";"";"";"";"";"";"";"";"";"";"";"";"";""
Province of project;"";"";"";"";"";"";"";"";"";"";"";"";"";"";"";"";"";"";"";"";"";"";"";""
County of project;"";"";"";"";"";"";"";"";"";"";"";"";"";"";"";"";"";"";"";"";"";"";"";""
City / town of project;"";"";"";"";"";"";"";"";"";"";"";"";"";"";"";"";"";"";"";"";"";"";"";""
Streetname of project;"";"";"";"";"";"";"";"";"";"";"";"";"";"";"";"";"";"";"";"";"";"";"";""
Postal code of project;"";"";"";"";"";"";"";"";"";"";"";"";"";"";"";"";"";"";"";"";"";"";"";""
Project comment;"";"";"";"";"";"";"";"";"";"";"";"";"";"";"";"";"";"";"";"";"";"";"";""
Project contractors;Geo-Terra Kft.;"";"";"";"";"";"";"";"";"";"";"";"";"";"";"";"";"";"";"";"";"";"";""
Project engineer;Méri Dorottya;"";"";"";"";"";"";"";"";"";"";"";"";"";"";"";"";"";"";"";"";"";"";""
Client; ;"";"";"";"";"";"";"";"";"";"";"";"";"";"";"";"";"";"";"";"";"";"";""
Start activity of project;"";"";"";"";"";"";"";"";"";"";"";"";"";"";"";"";"";"";"";"";"";"";"";""
End activity of project;"";"";"";"";"";"";"";"";"";"";"";"";"";"";"";"";"";"";"";"";"";"";"";""
Client field;"";"";"";"";"";"";"";"";"";"";"";"";"";"";"";"";"";"";"";"";"";"";"";""
Test name;C49CPT;"";"";"";"";"";"";"";"";"";"";"";"";"";"";"";"";"";"";"";"";"";"";""
Test ID;"";"";"";"";"";"";"";"";"";"";"";"";"";"";"";"";"";"";"";"";"";"";"";""
Test type;"";"";"";"";"";"";"";"";"";"";"";"";"";"";"";"";"";"";"";"";"";"";"";""
Type of penetration test;"";"";"";"";"";"";"";"";"";"";"";"";"";"";"";"";"";"";"";"";"";"";"";""
Pre-excavation depth;0.00;"";"";"";"";"";"";"";"";"";"";"";"";"";"";"";"";"";"";"";"";"";"";""
First layer density;0.00;"";"";"";"";"";"";"";"";"";"";"";"";"";"";"";"";"";"";"";"";"";"";""
Stabilized ground water level;"";"";"";"";"";"";"";"";"";"";"";"";"";"";"";"";"";"";"";"";"";"";"";""
Stabilized ground water level elevation;"";"";"";"";"";"";"";"";"";"";"";"";"";"";"";"";"";"";"";"";"";"";"";""
Drilled ground water level;"";"";"";"";"";"";"";"";"";"";"";"";"";"";"";"";"";"";"";"";"";"";"";""
Drilled ground water level elevation;"";"";"";"";"";"";"";"";"";"";"";"";"";"";"";"";"";"";"";"";"";"";"";""
Water depth (for offshore activities);"";"";"";"";"";"";"";"";"";"";"";"";"";"";"";"";"";"";"";"";"";"";"";""
End depth of penetration test;5.00;"";"";"";"";"";"";"";"";"";"";"";"";"";"";"";"";"";"";"";"";"";"";""
Stop criteria;"";"";"";"";"";"";"";"";"";"";"";"";"";"";"";"";"";"";"";"";"";"";"";""
Company name;Geo-Terra Eng. & Trading Ltd.;"";"";"";"";"";"";"";"";"";"";"";"";"";"";"";"";"";"";"";"";"";"";""
Company ID;"";"";"";"";"";"";"";"";"";"";"";"";"";"";"";"";"";"";"";"";"";"";"";""
Company country code;"";"";"";"";"";"";"";"";"";"";"";"";"";"";"";"";"";"";"";"";"";"";"";""
Source owner;"";"";"";"";"";"";"";"";"";"";"";"";"";"";"";"";"";"";"";"";"";"";"";""
File date;"";"";"";"";"";"";"";"";"";"";"";"";"";"";"";"";"";"";"";"";"";"";"";""
File owner;"";"";"";"";"";"";"";"";"";"";"";"";"";"";"";"";"";"";"";"";"";"";"";""
Date investigation;2022. 12. 20.;"";"";"";"";"";"";"";"";"";"";"";"";"";"";"";"";"";"";"";"";"";"";""
Date/time of registration;"";"";"";"";"";"";"";"";"";"";"";"";"";"";"";"";"";"";"";"";"";"";"";""
Status of registration;"";"";"";"";"";"";"";"";"";"";"";"";"";"";"";"";"";"";"";"";"";"";"";""
Date/time registration ready;"";"";"";"";"";"";"";"";"";"";"";"";"";"";"";"";"";"";"";"";"";"";"";""
Corrected registration;"";"";"";"";"";"";"";"";"";"";"";"";"";"";"";"";"";"";"";"";"";"";"";""
Date/time last correction;"";"";"";"";"";"";"";"";"";"";"";"";"";"";"";"";"";"";"";"";"";"";"";""
Registration under investigation;"";"";"";"";"";"";"";"";"";"";"";"";"";"";"";"";"";"";"";"";"";"";"";""
Date/time registration under investigation;"";"";"";"";"";"";"";"";"";"";"";"";"";"";"";"";"";"";"";"";"";"";"";""
Date report;"";"";"";"";"";"";"";"";"";"";"";"";"";"";"";"";"";"";"";"";"";"";"";""
Dissipation test;"";"";"";"";"";"";"";"";"";"";"";"";"";"";"";"";"";"";"";"";"";"";"";""
Dissipation test with closed fix;"";"";"";"";"";"";"";"";"";"";"";"";"";"";"";"";"";"";"";"";"";"";"";""
Remarks1;"";"";"";"";"";"";"";"";"";"";"";"";"";"";"";"";"";"";"";"";"";"";"";""
Remarks2;"";"";"";"";"";"";"";"";"";"";"";"";"";"";"";"";"";"";"";"";"";"";"";""
Delivery framework;"";"";"";"";"";"";"";"";"";"";"";"";"";"";"";"";"";"";"";"";"";"";"";""
Acquisition framework;"";"";"";"";"";"";"";"";"";"";"";"";"";"";"";"";"";"";"";"";"";"";"";""
Depth of casing applied ;"";"";"";"";"";"";"";"";"";"";"";"";"";"";"";"";"";"";"";"";"";"";"";""
Status of information relating to this position;"";"";"";"";"";"";"";"";"";"";"";"";"";"";"";"";"";"";"";"";"";"";"";""
Test location name;"";"";"";"";"";"";"";"";"";"";"";"";"";"";"";"";"";"";"";"";"";"";"";""
Test location ID;"";"";"";"";"";"";"";"";"";"";"";"";"";"";"";"";"";"";"";"";"";"";"";""
Height system used;"";"";"";"";"";"";"";"";"";"";"";"";"";"";"";"";"";"";"";"";"";"";"";""
Delta Z;"";"";"";"";"";"";"";"";"";"";"";"";"";"";"";"";"";"";"";"";"";"";"";""
Z value;130.30;"";"";"";"";"";"";"";"";"";"";"";"";"";"";"";"";"";"";"";"";"";"";""
Coordinate system used;"";"";"";"";"";"";"";"";"";"";"";"";"";"";"";"";"";"";"";"";"";"";"";""
Delta X coordinate;"";"";"";"";"";"";"";"";"";"";"";"";"";"";"";"";"";"";"";"";"";"";"";""
Delta Y coordinate;"";"";"";"";"";"";"";"";"";"";"";"";"";"";"";"";"";"";"";"";"";"";"";""
X coordinate;243902.00;"";"";"";"";"";"";"";"";"";"";"";"";"";"";"";"";"";"";"";"";"";"";""
Y coordinate;533654.00;"";"";"";"";"";"";"";"";"";"";"";"";"";"";"";"";"";"";"";"";"";"";""
Latitude;"";"";"";"";"";"";"";"";"";"";"";"";"";"";"";"";"";"";"";"";"";"";"";""
Longitude;"";"";"";"";"";"";"";"";"";"";"";"";"";"";"";"";"";"";"";"";"";"";"";""
Own coordinate system;"";"";"";"";"";"";"";"";"";"";"";"";"";"";"";"";"";"";"";"";"";"";"";""
Own reference level;"";"";"";"";"";"";"";"";"";"";"";"";"";"";"";"";"";"";"";"";"";"";"";""
Fixed horizontal level;"";"";"";"";"";"";"";"";"";"";"";"";"";"";"";"";"";"";"";"";"";"";"";""
Highway, railway or dike code;"";"";"";"";"";"";"";"";"";"";"";"";"";"";"";"";"";"";"";"";"";"";"";""
Location in ‘line coordinate’;"";"";"";"";"";"";"";"";"";"";"";"";"";"";"";"";"";"";"";"";"";"";"";""
Method for the determination of the zid;"";"";"";"";"";"";"";"";"";"";"";"";"";"";"";"";"";"";"";"";"";"";"";""
Method for the determination of the xyid;"";"";"";"";"";"";"";"";"";"";"";"";"";"";"";"";"";"";"";"";"";"";"";""
Orientation x axis inclination;"";"";"";"";"";"";"";"";"";"";"";"";"";"";"";"";"";"";"";"";"";"";"";""
Measurer horizontal location;"";"";"";"";"";"";"";"";"";"";"";"";"";"";"";"";"";"";"";"";"";"";"";""
Date measurement horizontal location;"";"";"";"";"";"";"";"";"";"";"";"";"";"";"";"";"";"";"";"";"";"";"";""
Measurer vertical location;"";"";"";"";"";"";"";"";"";"";"";"";"";"";"";"";"";"";"";"";"";"";"";""
Date measurement vertical location;"";"";"";"";"";"";"";"";"";"";"";"";"";"";"";"";"";"";"";"";"";"";"";""
Reference system and location;"";"";"";"";"";"";"";"";"";"";"";"";"";"";"";"";"";"";"";"";"";"";"";""
Conducted transformation coordinates;"";"";"";"";"";"";"";"";"";"";"";"";"";"";"";"";"";"";"";"";"";"";"";""
Angle between positive x and North;"";"";"";"";"";"";"";"";"";"";"";"";"";"";"";"";"";"";"";"";"";"";"";""
National Grid Easting of location;"";"";"";"";"";"";"";"";"";"";"";"";"";"";"";"";"";"";"";"";"";"";"";""
National Grid Northing of location;"";"";"";"";"";"";"";"";"";"";"";"";"";"";"";"";"";"";"";"";"";"";"";""
National Grid referencing system used;"";"";"";"";"";"";"";"";"";"";"";"";"";"";"";"";"";"";"";"";"";"";"";""
Test location remarks;"";"";"";"";"";"";"";"";"";"";"";"";"";"";"";"";"";"";"";"";"";"";"";""
Cone name; C10CFIIP.C18481;"";"";"";"";"";"";"";"";"";"";"";"";"";"";"";"";"";"";"";"";"";"";""
Cone type;"";"";"";"";"";"";"";"";"";"";"";"";"";"";"";"";"";"";"";"";"";"";"";""
Cone serial number;"";"";"";"";"";"";"";"";"";"";"";"";"";"";"";"";"";"";"";"";"";"";"";""
Date of last calibration of sensors ;"";"";"";"";"";"";"";"";"";"";"";"";"";"";"";"";"";"";"";"";"";"";"";""
Saturation fluid used in pore pressure system (if piezocone);"";"";"";"";"";"";"";"";"";"";"";"";"";"";"";"";"";"";"";"";"";"";"";""
Measuring ranges of cone tip;"";"";"";"";"";"";"";"";"";"";"";"";"";"";"";"";"";"";"";"";"";"";"";""
Measuring ranges of friction sleeve;"";"";"";"";"";"";"";"";"";"";"";"";"";"";"";"";"";"";"";"";"";"";"";""
Measuring ranges of pore pressure;"";"";"";"";"";"";"";"";"";"";"";"";"";"";"";"";"";"";"";"";"";"";"";""
Net area ratio nominal;"";"";"";"";"";"";"";"";"";"";"";"";"";"";"";"";"";"";"";"";"";"";"";""
Measured net area ratio;"";"";"";"";"";"";"";"";"";"";"";"";"";"";"";"";"";"";"";"";"";"";"";""
Probe; no anchoring;"";"";"";"";"";"";"";"";"";"";"";"";"";"";"";"";"";"";"";"";"";"";""
Manufacturer of cone penetrometer;"";"";"";"";"";"";"";"";"";"";"";"";"";"";"";"";"";"";"";"";"";"";"";""
Standard;5140 / 1;"";"";"";"";"";"";"";"";"";"";"";"";"";"";"";"";"";"";"";"";"";"";""
Standard class;"";"";"";"";"";"";"";"";"";"";"";"";"";"";"";"";"";"";"";"";"";"";"";""
Equipment operator;Pozsár-Kiss Dénes;"";"";"";"";"";"";"";"";"";"";"";"";"";"";"";"";"";"";"";"";"";"";""
Orientation of biaxial inclination measurement (Ndirection);"";"";"";"";"";"";"";"";"";"";"";"";"";"";"";"";"";"";"";"";"";"";"";""
Position inclinometer;"";"";"";"";"";"";"";"";"";"";"";"";"";"";"";"";"";"";"";"";"";"";"";""
Nominal surface area of cone tip;10.0;"";"";"";"";"";"";"";"";"";"";"";"";"";"";"";"";"";"";"";"";"";"";""
Nominal surface area of friction casing;150.0;"";"";"";"";"";"";"";"";"";"";"";"";"";"";"";"";"";"";"";"";"";"";""
Net surface area quotient of cone tip;0.800;"";"";"";"";"";"";"";"";"";"";"";"";"";"";"";"";"";"";"";"";"";"";""
Net surface area quotient of friction casing;1.000;"";"";"";"";"";"";"";"";"";"";"";"";"";"";"";"";"";"";"";"";"";"";""
Cone distance to centre of friction casing;80.0;"";"";"";"";"";"";"";"";"";"";"";"";"";"";"";"";"";"";"";"";"";"";""
Friction present;True;"";"";"";"";"";"";"";"";"";"";"";"";"";"";"";"";"";"";"";"";"";"";""
PPT u1 present;False;"";"";"";"";"";"";"";"";"";"";"";"";"";"";"";"";"";"";"";"";"";"";""
PPT u2 present;True;"";"";"";"";"";"";"";"";"";"";"";"";"";"";"";"";"";"";"";"";"";"";""
PPT u3 present;False;"";"";"";"";"";"";"";"";"";"";"";"";"";"";"";"";"";"";"";"";"";"";""
Inclination measurement present;True;"";"";"";"";"";"";"";"";"";"";"";"";"";"";"";"";"";"";"";"";"";"";""
Zero measurement of cone before penetration;0.26;"";"";"";"";"";"";"";"";"";"";"";"";"";"";"";"";"";"";"";"";"";"";""
Zero measurement of cone after penetration;0.24;"";"";"";"";"";"";"";"";"";"";"";"";"";"";"";"";"";"";"";"";"";"";""
Zero measurement friction before penetration;0.00;"";"";"";"";"";"";"";"";"";"";"";"";"";"";"";"";"";"";"";"";"";"";""
Zero measurement friction after penetration;0.00;"";"";"";"";"";"";"";"";"";"";"";"";"";"";"";"";"";"";"";"";"";"";""
Zero measurement ppt u1 before penetr. test;"";"";"";"";"";"";"";"";"";"";"";"";"";"";"";"";"";"";"";"";"";"";"";""
Zero measurement ppt u1 after penetr. test;"";"";"";"";"";"";"";"";"";"";"";"";"";"";"";"";"";"";"";"";"";"";"";""
Zero measurement ppt u2 before penetr. test;0.00;"";"";"";"";"";"";"";"";"";"";"";"";"";"";"";"";"";"";"";"";"";"";""
Zero measurement ppt u2 after penetr. test;-0.01;"";"";"";"";"";"";"";"";"";"";"";"";"";"";"";"";"";"";"";"";"";"";""
Zero measurement ppt u3 before penetr. test;"";"";"";"";"";"";"";"";"";"";"";"";"";"";"";"";"";"";"";"";"";"";"";""
Zero measurement ppt u3 after penetr. test;"";"";"";"";"";"";"";"";"";"";"";"";"";"";"";"";"";"";"";"";"";"";"";""
Zero measurement inclination before;"";"";"";"";"";"";"";"";"";"";"";"";"";"";"";"";"";"";"";"";"";"";"";""
Zero measurement inclination after penetr.;"";"";"";"";"";"";"";"";"";"";"";"";"";"";"";"";"";"";"";"";"";"";"";""
Zero measurement inclination NS before;-0.45;"";"";"";"";"";"";"";"";"";"";"";"";"";"";"";"";"";"";"";"";"";"";""
Zero measurement inclination NS after;-0.15;"";"";"";"";"";"";"";"";"";"";"";"";"";"";"";"";"";"";"";"";"";"";""
Zero measurement inclination EW before;0.61;"";"";"";"";"";"";"";"";"";"";"";"";"";"";"";"";"";"";"";"";"";"";""
Zero measurement inclination EW after;0.83;"";"";"";"";"";"";"";"";"";"";"";"";"";"";"";"";"";"";"";"";"";"";""
Zero measurement electric conductivity before ;"";"";"";"";"";"";"";"";"";"";"";"";"";"";"";"";"";"";"";"";"";"";"";""
Zero measurement electric conductivity after;"";"";"";"";"";"";"";"";"";"";"";"";"";"";"";"";"";"";"";"";"";"";"";""
Temperature of cone before test;"";"";"";"";"";"";"";"";"";"";"";"";"";"";"";"";"";"";"";"";"";"";"";""
Distance between measurements;"";"";"";"";"";"";"";"";"";"";"";"";"";"";"";"";"";"";"";"";"";"";"";""
Zero measurement total force before test;"";"";"";"";"";"";"";"";"";"";"";"";"";"";"";"";"";"";"";"";"";"";"";""
Zero measurement total force after test;"";"";"";"";"";"";"";"";"";"";"";"";"";"";"";"";"";"";"";"";"";"";"";""
Cone tip diameter before test;"";"";"";"";"";"";"";"";"";"";"";"";"";"";"";"";"";"";"";"";"";"";"";""
Cone tip diameter after test;"";"";"";"";"";"";"";"";"";"";"";"";"";"";"";"";"";"";"";"";"";"";"";""
Friction sleeve diameter before test (low);"";"";"";"";"";"";"";"";"";"";"";"";"";"";"";"";"";"";"";"";"";"";"";""
Friction sleeve diameter after test (low);"";"";"";"";"";"";"";"";"";"";"";"";"";"";"";"";"";"";"";"";"";"";"";""
Friction sleeve diameter before test (mid);"";"";"";"";"";"";"";"";"";"";"";"";"";"";"";"";"";"";"";"";"";"";"";""
Friction sleeve diameter after test (mid);"";"";"";"";"";"";"";"";"";"";"";"";"";"";"";"";"";"";"";"";"";"";"";""
Friction sleeve diameter before test (top);"";"";"";"";"";"";"";"";"";"";"";"";"";"";"";"";"";"";"";"";"";"";"";""
Friction sleeve diameter after test (top);"";"";"";"";"";"";"";"";"";"";"";"";"";"";"";"";"";"";"";"";"";"";"";""
Permeability filter pore diameter;"";"";"";"";"";"";"";"";"";"";"";"";"";"";"";"";"";"";"";"";"";"";"";""
Diameter filter behind tip;"";"";"";"";"";"";"";"";"";"";"";"";"";"";"";"";"";"";"";"";"";"";"";""
Friction reducer used;"";"";"";"";"";"";"";"";"";"";"";"";"";"";"";"";"";"";"";"";"";"";"";""
Type of friction reducer;"";"";"";"";"";"";"";"";"";"";"";"";"";"";"";"";"";"";"";"";"";"";"";""
Distance friction breaker to tip;10.00;"";"";"";"";"";"";"";"";"";"";"";"";"";"";"";"";"";"";"";"";"";"";""
Depth of penetration and possible causes of any interruptions (like dissipation tests) x;"";"";"";"";"";"";"";"";"";"";"";"";"";"";"";"";"";"";"";"";"";"";"";""
Method of backfilling the hole;"";"";"";"";"";"";"";"";"";"";"";"";"";"";"";"";"";"";"";"";"";"";"";""
Back filling from;"";"";"";"";"";"";"";"";"";"";"";"";"";"";"";"";"";"";"";"";"";"";"";""
Back filling to;"";"";"";"";"";"";"";"";"";"";"";"";"";"";"";"";"";"";"";"";"";"";"";""
Presence of stones;"";"";"";"";"";"";"";"";"";"";"";"";"";"";"";"";"";"";"";"";"";"";"";""
Incidents ;"";"";"";"";"";"";"";"";"";"";"";"";"";"";"";"";"";"";"";"";"";"";"";""
Buckled rods ;"";"";"";"";"";"";"";"";"";"";"";"";"";"";"";"";"";"";"";"";"";"";"";""
Abnormal wear ;"";"";"";"";"";"";"";"";"";"";"";"";"";"";"";"";"";"";"";"";"";"";"";""
Significant changes in zero or reference readings;"";"";"";"";"";"";"";"";"";"";"";"";"";"";"";"";"";"";"";"";"";"";"";""
Specific arrangements that deviate from common set up of thrust machine (like a jack-up platform);"";"";"";"";"";"";"";"";"";"";"";"";"";"";"";"";"";"";"";"";"";"";"";""
Linearity of the pushing rods;"";"";"";"";"";"";"";"";"";"";"";"";"";"";"";"";"";"";"";"";"";"";"";""
Inclination control before test;"";"";"";"";"";"";"";"";"";"";"";"";"";"";"";"";"";"";"";"";"";"";"";""
Inclination control after test;"";"";"";"";"";"";"";"";"";"";"";"";"";"";"";"";"";"";"";"";"";"";"";""
Verticality of thrust machine before test;"";"";"";"";"";"";"";"";"";"";"";"";"";"";"";"";"";"";"";"";"";"";"";""
Verticality of thrust machine after test;"";"";"";"";"";"";"";"";"";"";"";"";"";"";"";"";"";"";"";"";"";"";"";""
Type of used filter material;"";"";"";"";"";"";"";"";"";"";"";"";"";"";"";"";"";"";"";"";"";"";"";""
Mud / wash used;"";"";"";"";"";"";"";"";"";"";"";"";"";"";"";"";"";"";"";"";"";"";"";""
Temperature environment before test;"";"";"";"";"";"";"";"";"";"";"";"";"";"";"";"";"";"";"";"";"";"";"";""
Unusual circumstances;"";"";"";"";"";"";"";"";"";"";"";"";"";"";"";"";"";"";"";"";"";"";"";""
[SOUNDING DATA];"";"";"";"";"";"";"";"";"";"";"";"";"";"";"";"";"";"";"";"";"";"";"";""
Depth;qc;fs;u2;Incl.;TAX;TAY;t;Rf;Uo;qt;ft;σVo;σ'Vo;qt-σVo;Qt;Fr;Bq;Rf(qc);Uh;Rfd;soil;L;D;γ
m;MPa;MPa;MPa;°;°;°;s;%;MPa;MPa;MPa;MPa;MPa;MPa;"";%;"";%;MPa;%;"";m;m;kN/m³
0.00;0.000;0.000;0.0000;0.0;-0.315;0.520;20.000;10.000;0.000;0.000;0.000;0.000;0.000;0.000;10.000;0.000;0.0000;0.000;0.000;"";1;0.00;0.00;12.50
0.01;0.577;0.000;-0.0006;0.7;-0.428;0.610;20.730;0.109;0.000;0.577;0.001;0.000;0.000;0.577;3294.430;0.000;-0.0011;0.000;0.000;"";1;0.01;0.01;17.50
0.02;0.648;0.000;-0.0006;0.7;-0.338;0.655;21.200;0.101;0.000;0.648;0.001;0.000;0.000;0.648;1850.810;0.015;-0.0009;0.015;0.000;"";1;0.02;0.02;17.50
0.03;0.737;0.000;-0.0005;0.7;-0.428;0.520;21.510;0.132;0.000;0.737;0.001;0.001;0.001;0.737;1402.876;0.061;-0.0007;0.061;0.000;"";1;0.03;0.03;17.50
0.04;0.830;0.001;-0.0005;0.7;-0.270;0.633;21.770;0.170;0.000;0.830;0.001;0.001;0.001;0.829;1184.232;0.111;-0.0006;0.111;0.000;"";1;0.04;0.04;17.50
0.05;0.935;0.002;-0.0005;0.6;-0.383;0.452;22.050;0.230;0.000;0.935;0.002;0.001;0.001;0.934;1067.203;0.177;-0.0005;0.177;0.000;0.178;1;0.05;0.05;17.50
0.06;1.049;0.003;-0.0005;0.6;-0.315;0.520;22.330;0.305;0.000;1.049;0.003;0.001;0.001;1.048;992.974;0.255;-0.0005;0.255;0.000;0.248;1;0.06;0.06;18.00
0.07;1.171;0.004;-0.0006;0.7;-0.293;0.633;22.620;0.389;0.000;1.171;0.005;0.001;0.001;1.169;946.907;0.342;-0.0005;0.341;0.000;0.336;1;0.07;0.07;18.00
0.08;1.297;0.006;-0.0006;0.7;-0.293;0.633;22.920;0.475;0.000;1.297;0.006;0.001;0.001;1.295;915.454;0.429;-0.0005;0.429;0.000;0.428;1;0.08;0.08;18.00
0.09;1.423;0.007;-0.0007;0.8;-0.315;0.723;23.240;0.557;0.000;1.423;0.008;0.002;0.002;1.422;891.336;0.511;-0.0005;0.511;0.000;0.516;1;0.09;0.09;18.00
0.10;1.546;0.009;-0.0007;0.7;-0.315;0.655;23.570;0.629;0.000;1.546;0.010;0.002;0.002;1.544;870.078;0.584;-0.0005;0.583;0.000;0.594;1;0.10;0.10;18.00
0.11;1.662;0.011;-0.0008;0.7;-0.293;0.588;23.930;0.688;0.000;1.662;0.011;0.002;0.002;1.660;849.261;0.643;-0.0005;0.642;0.000;0.657;1;0.11;0.11;18.00
0.12;1.770;0.012;-0.0008;0.7;-0.338;0.633;24.300;0.732;0.000;1.769;0.013;0.002;0.002;1.767;827.780;0.687;-0.0005;0.686;0.000;0.703;1;0.12;0.12;18.00
0.13;1.867;0.013;-0.0008;0.6;-0.338;0.520;24.670;0.761;0.000;1.867;0.014;0.002;0.002;1.865;805.436;0.717;-0.0005;0.716;0.000;0.732;1;0.13;0.13;18.00
0.14;1.955;0.014;-0.0009;0.7;-0.293;0.588;25.060;0.777;0.000;1.955;0.015;0.002;0.002;1.952;782.552;0.734;-0.0004;0.733;0.000;0.747;1;0.14;0.14;18.00
0.15;2.035;0.015;-0.0009;0.6;-0.293;0.542;25.440;0.782;0.000;2.035;0.016;0.003;0.003;2.032;758.306;0.740;-0.0004;0.739;0.000;0.751;1;0.15;0.15;18.50
0.16;2.109;0.016;-0.0009;0.8;-0.360;0.678;25.820;0.780;0.000;2.109;0.016;0.003;0.003;2.106;734.971;0.739;-0.0004;0.738;0.000;0.748;1;0.16;0.16;18.50
0.17;2.177;0.016;-0.0009;0.7;-0.383;0.588;26.200;0.773;0.000;2.177;0.017;0.003;0.003;2.174;712.869;0.733;-0.0004;0.732;0.000;0.741;1;0.17;0.17;18.50
0.18;2.242;0.016;-0.0009;0.6;-0.315;0.565;26.580;0.765;0.000;2.242;0.017;0.003;0.003;2.239;692.007;0.727;-0.0004;0.726;0.000;0.735;1;0.18;0.18;18.50
0.19;2.302;0.017;-0.0009;0.7;-0.360;0.655;26.950;0.760;0.000;2.302;0.018;0.003;0.003;2.299;672.077;0.723;-0.0004;0.722;0.000;0.733;1;0.19;0.19;18.50
0.20;2.356;0.017;-0.0009;0.6;-0.360;0.520;27.340;0.762;0.000;2.356;0.018;0.004;0.004;2.352;652.491;0.724;-0.0004;0.723;0.000;0.736;1;0.20;0.20;18.50
0.21;2.402;0.018;-0.0009;0.7;-0.338;0.610;27.720;0.771;0.000;2.401;0.019;0.004;0.004;2.398;632.613;0.733;-0.0004;0.732;0.000;0.747;1;0.21;0.21;18.50
0.22;2.437;0.018;-0.0010;0.7;-0.383;0.633;28.110;0.789;0.000;2.436;0.019;0.004;0.004;2.432;611.943;0.750;-0.0004;0.748;0.000;0.766;1;0.22;0.22;18.50
0.23;2.460;0.019;-0.0011;0.7;-0.383;0.542;28.490;0.816;0.000;2.459;0.020;0.004;0.004;2.455;590.205;0.773;-0.0004;0.772;0.000;0.791;1;0.23;0.23;18.50
0.24;2.470;0.020;-0.0012;0.6;-0.315;0.565;28.870;0.849;0.000;2.470;0.021;0.004;0.004;2.465;567.390;0.803;-0.0005;0.802;0.000;0.821;1;0.24;0.24;18.50
0.25;2.468;0.021;-0.0013;0.7;-0.405;0.565;29.240;0.886;0.000;2.468;0.022;0.005;0.005;2.463;543.771;0.836;-0.0005;0.835;0.000;0.854;1;0.25;0.25;18.50
0.26;2.455;0.021;-0.0014;0.7;-0.338;0.588;30.570;0.926;0.000;2.455;0.023;0.005;0.005;2.450;519.673;0.871;-0.0006;0.869;0.000;0.888;1;0.26;0.26;18.50
0.27;2.432;0.022;-0.0015;0.8;-0.338;0.678;31.140;0.965;0.000;2.432;0.023;0.005;0.005;2.427;495.364;0.905;-0.0006;0.903;0.000;0.921;1;0.27;0.27;18.50
0.28;2.401;0.022;-0.0016;0.7;-0.315;0.655;31.480;1.002;0.000;2.400;0.024;0.005;0.005;2.395;471.031;0.938;-0.0007;0.935;0.000;0.953;1;0.28;0.28;18.50
0.29;2.360;0.023;-0.0017;0.8;-0.405;0.633;31.740;1.036;0.000;2.360;0.024;0.005;0.005;2.354;446.765;0.967;-0.0007;0.965;0.000;0.982;1;0.29;0.29;18.50
0.30;2.311;0.023;-0.0017;0.6;-0.293;0.520;31.980;1.067;0.000;2.310;0.025;0.005;0.005;2.305;422.941;0.994;-0.0007;0.992;0.000;1.009;1;0.30;0.30;18.00
0.31;2.253;0.023;-0.0018;0.7;-0.360;0.610;32.240;1.095;0.000;2.253;0.025;0.006;0.006;2.247;399.150;1.020;-0.0008;1.017;0.000;1.032;1;0.31;0.31;18.00
0.32;2.188;0.023;-0.0018;0.6;-0.270;0.565;32.510;1.122;0.000;2.188;0.025;0.006;0.006;2.182;375.545;1.044;-0.0008;1.041;0.000;1.054;1;0.32;0.32;18.00
0.33;2.117;0.023;-0.0018;0.6;-0.360;0.520;32.790;1.149;0.000;2.117;0.024;0.006;0.006;2.111;352.358;1.067;-0.0008;1.064;0.000;1.073;1;0.33;0.33;18.00
0.34;2.042;0.022;-0.0018;0.7;-0.338;0.565;33.090;1.175;0.000;2.042;0.024;0.006;0.006;2.035;329.877;1.090;-0.0009;1.087;0.000;1.091;1;0.34;0.34;18.00
0.35;1.965;0.022;-0.0018;0.7;-0.315;0.655;33.420;1.200;0.000;1.965;0.024;0.006;0.006;1.958;308.417;1.113;-0.0009;1.109;0.000;1.108;1;0.35;0.35;18.00
0.36;1.889;0.021;-0.0018;0.7;-0.293;0.633;33.750;1.225;0.000;1.889;0.023;0.007;0.007;1.882;288.228;1.134;-0.0010;1.130;0.000;1.125;1;0.36;0.36;18.00
0.37;1.815;0.021;-0.0018;0.7;-0.248;0.633;34.120;1.249;0.000;1.815;0.023;0.007;0.007;1.808;269.470;1.154;-0.0010;1.150;0.000;1.141;1;0.37;0.37;18.00
0.38;1.745;0.020;-0.0018;0.6;-0.270;0.565;34.490;1.273;0.000;1.745;0.022;0.007;0.007;1.738;252.217;1.174;-0.0010;1.169;0.000;1.156;1;0.38;0.38;18.00
0.39;1.679;0.020;-0.0018;0.7;-0.293;0.588;34.870;1.296;0.000;1.679;0.022;0.007;0.007;1.672;236.461;1.193;-0.0011;1.188;0.000;1.173;1;0.39;0.39;18.00
0.40;1.618;0.020;-0.0018;0.7;-0.405;0.610;35.260;1.320;0.000;1.618;0.021;0.007;0.007;1.611;222.141;1.213;-0.0011;1.207;0.000;1.191;1;0.40;0.40;18.00
0.41;1.562;0.019;-0.0018;0.7;-0.360;0.542;35.640;1.347;0.000;1.561;0.021;0.007;0.007;1.554;209.158;1.235;-0.0012;1.229;0.000;1.212;1;0.41;0.41;18.00
0.42;1.510;0.019;-0.0019;0.7;-0.360;0.633;36.030;1.377;0.000;1.510;0.021;0.008;0.008;1.502;197.398;1.260;-0.0012;1.253;0.000;1.236;1;0.42;0.42;18.00
0.43;1.463;0.019;-0.0019;0.7;-0.360;0.565;36.410;1.413;0.000;1.462;0.021;0.008;0.008;1.455;186.732;1.290;-0.0013;1.283;0.000;1.267;1;0.43;0.43;18.00
0.44;1.419;0.019;-0.0020;0.6;-0.315;0.565;36.790;1.456;0.000;1.419;0.021;0.008;0.008;1.411;177.025;1.326;-0.0014;1.318;0.000;1.304;1;0.44;0.44;18.00
0.45;1.379;0.019;-0.0020;0.7;-0.293;0.655;37.180;1.508;0.000;1.379;0.021;0.008;0.008;1.370;168.143;1.370;-0.0015;1.361;0.000;1.348;1;0.45;0.45;18.00
0.46;1.341;0.019;-0.0021;0.8;-0.405;0.701;37.570;1.568;0.000;1.341;0.021;0.008;0.008;1.332;159.958;1.422;-0.0016;1.413;0.000;1.401;1;0.46;0.46;18.00
0.47;1.306;0.019;-0.0021;0.8;-0.405;0.655;37.960;1.639;0.000;1.305;0.021;0.009;0.009;1.297;152.367;1.484;-0.0017;1.474;0.000;1.462;1;0.47;0.47;18.00
0.48;1.272;0.020;-0.0022;0.8;-0.360;0.701;38.340;1.719;0.000;1.271;0.022;0.009;0.009;1.263;145.300;1.556;-0.0017;1.545;0.000;1.531;1;0.48;0.48;18.00
0.49;1.240;0.020;-0.0023;0.7;-0.338;0.633;38.730;1.807;0.000;1.239;0.022;0.009;0.009;1.231;138.730;1.636;-0.0018;1.624;0.000;1.607;1;0.49;0.49;18.00
0.50;1.210;0.021;-0.0023;0.8;-0.405;0.678;39.110;1.901;0.000;1.210;0.023;0.009;0.009;1.201;132.669;1.722;-0.0019;1.708;0.000;1.686;1;0.50;0.50;18.00
0.51;1.183;0.021;-0.0024;0.7;-0.338;0.633;39.500;1.996;0.000;1.183;0.024;0.009;0.009;1.174;127.164;1.809;-0.0020;1.794;0.000;1.765;1;0.51;0.51;18.00
0.52;1.161;0.022;-0.0024;0.8;-0.405;0.678;39.880;2.085;0.000;1.160;0.024;0.009;0.009;1.151;122.280;1.892;-0.0021;1.876;0.000;1.839;1;0.52;0.52;18.00
0.53;1.142;0.022;-0.0025;0.9;-0.450;0.746;40.240;2.163;0.000;1.142;0.025;0.010;0.010;1.132;118.080;1.963;-0.0022;1.945;0.000;1.902;1;0.53;0.53;18.00
0.54;1.130;0.023;-0.0025;0.8;-0.338;0.678;40.610;2.220;0.000;1.129;0.025;0.010;0.010;1.120;114.606;2.014;-0.0022;1.996;0.000;1.948;1;0.54;0.54;18.00
0.55;1.124;0.023;-0.0025;0.7;-0.338;0.655;40.980;2.250;0.000;1.123;0.025;0.010;0.010;1.113;111.867;2.042;-0.0023;2.023;0.000;1.974;1;0.55;0.55;18.00
0.56;1.123;0.023;-0.0026;0.7;-0.360;0.633;41.350;2.252;0.000;1.123;0.025;0.010;0.010;1.113;109.833;2.042;-0.0023;2.022;0.000;1.976;1;0.56;0.56;18.00
0.57;1.129;0.023;-0.0026;0.7;-0.360;0.633;41.700;2.224;0.000;1.128;0.025;0.010;0.010;1.118;108.430;2.014;-0.0023;1.995;0.000;1.954;1;0.57;0.57;18.00
0.58;1.139;0.022;-0.0026;0.8;-0.383;0.655;42.060;2.170;0.000;1.139;0.025;0.010;0.010;1.128;107.557;1.962;-0.0023;1.944;0.000;1.911;1;0.58;0.58;18.00
0.59;1.154;0.022;-0.0025;0.8;-0.360;0.723;42.430;2.095;0.000;1.153;0.024;0.011;0.011;1.143;107.094;1.891;-0.0022;1.873;0.000;1.849;1;0.59;0.59;18.00
0.60;1.171;0.021;-0.0025;0.8;-0.338;0.723;42.790;2.004;0.000;1.171;0.023;0.011;0.011;1.160;106.920;1.806;-0.0022;1.789;0.000;1.772;1;0.60;0.60;18.00
0.61;1.191;0.020;-0.0025;0.9;-0.405;0.768;43.160;1.903;0.000;1.190;0.023;0.011;0.011;1.179;106.930;1.712;-0.0021;1.696;0.000;1.685;1;0.61;0.61;18.00
0.62;1.212;0.019;-0.0024;0.8;-0.405;0.723;43.520;1.795;0.000;1.211;0.022;0.011;0.011;1.200;107.040;1.614;-0.0020;1.598;0.000;1.592;1;0.62;0.62;18.00
0.63;1.233;0.018;-0.0023;0.9;-0.383;0.768;43.870;1.686;0.000;1.232;0.021;0.011;0.011;1.221;107.199;1.515;-0.0019;1.500;0.000;1.496;1;0.63;0.63;18.00
0.64;1.254;0.018;-0.0022;0.8;-0.360;0.746;44.240;1.577;0.000;1.254;0.020;0.012;0.012;1.242;107.381;1.417;-0.0017;1.404;0.000;1.400;1;0.64;0.64;18.00
0.65;1.276;0.017;-0.0021;0.7;-0.338;0.610;44.610;1.473;0.000;1.276;0.019;0.012;0.012;1.264;107.582;1.324;-0.0016;1.311;0.000;1.307;1;0.65;0.65;18.00
0.66;1.299;0.016;-0.0019;0.8;-0.383;0.655;44.980;1.375;0.000;1.298;0.018;0.012;0.012;1.286;107.816;1.237;-0.0015;1.225;0.000;1.219;1;0.66;0.66;18.00
0.67;1.322;0.015;-0.0018;0.8;-0.360;0.678;45.350;1.287;0.000;1.321;0.017;0.012;0.012;1.309;108.114;1.158;-0.0014;1.147;0.000;1.139;1;0.67;0.67;18.00
0.68;1.346;0.015;-0.0018;0.8;-0.428;0.723;45.710;1.212;0.000;1.346;0.016;0.012;0.012;1.334;108.519;1.091;-0.0013;1.081;0.000;1.069;1;0.68;0.68;18.00
0.69;1.373;0.014;-0.0017;0.8;-0.383;0.701;46.080;1.151;0.000;1.373;0.016;0.012;0.012;1.360;109.101;1.037;-0.0012;1.027;0.000;1.011;1;0.69;0.69;18.00
0.70;1.404;0.014;-0.0017;0.7;-0.360;0.633;46.440;1.106;0.000;1.404;0.016;0.013;0.013;1.391;109.960;0.998;-0.0012;0.988;0.000;0.966;1;0.70;0.70;18.00
0.71;1.440;0.014;-0.0016;0.8;-0.315;0.768;46.810;1.078;0.000;1.440;0.016;0.013;0.013;1.427;111.235;0.974;-0.0011;0.965;0.000;0.936;1;0.71;0.71;18.00
0.72;1.485;0.014;-0.0016;1.0;-0.405;0.881;47.180;1.066;0.000;1.484;0.016;0.013;0.013;1.471;113.103;0.966;-0.0011;0.957;0.000;0.921;1;0.72;0.72;18.00
0.73;1.541;0.015;-0.0016;0.8;-0.428;0.655;47.550;1.066;0.000;1.540;0.016;0.013;0.013;1.527;115.776;0.971;-0.0011;0.962;0.000;0.918;1;0.73;0.73;18.00
0.74;1.611;0.016;-0.0016;0.8;-0.405;0.678;47.920;1.077;0.000;1.611;0.017;0.013;0.013;1.597;119.482;0.985;-0.0010;0.977;0.000;0.926;1;0.74;0.74;18.00
0.75;1.700;0.017;-0.0016;0.8;-0.383;0.723;48.300;1.093;0.000;1.700;0.019;0.014;0.014;1.686;124.444;1.007;-0.0010;0.998;0.000;0.941;1;0.75;0.75;18.00
0.76;1.811;0.019;-0.0016;0.8;-0.383;0.678;48.670;1.112;0.000;1.810;0.020;0.014;0.014;1.797;130.849;1.031;-0.0009;1.023;0.000;0.962;1;0.76;0.76;18.00
0.77;1.945;0.020;-0.0016;0.8;-0.383;0.655;49.040;1.130;0.000;1.945;0.022;0.014;0.014;1.931;138.827;1.055;-0.0008;1.047;0.000;0.987;1;0.77;0.77;18.00
0.78;2.106;0.023;-0.0016;0.8;-0.315;0.701;49.410;1.147;0.000;2.105;0.024;0.014;0.014;2.091;148.419;1.078;-0.0008;1.070;0.000;1.014;1;0.78;0.78;18.00
0.79;2.292;0.025;-0.0016;0.9;-0.315;0.836;49.770;1.163;0.000;2.291;0.027;0.014;0.014;2.277;159.566;1.100;-0.0007;1.093;0.000;1.044;1;0.79;0.79;18.00
0.80;2.501;0.028;-0.0016;0.8;-0.428;0.633;50.140;1.180;0.000;2.501;0.030;0.014;0.014;2.487;172.090;1.123;-0.0006;1.117;0.000;1.078;1;0.80;0.80;18.00
0.81;2.732;0.031;-0.0016;0.9;-0.428;0.746;50.500;1.201;0.000;2.732;0.033;0.015;0.015;2.717;185.644;1.149;-0.0006;1.143;0.000;1.116;1;0.81;0.81;18.50
0.82;2.977;0.035;-0.0016;0.8;-0.338;0.678;50.870;1.228;0.000;2.977;0.037;0.015;0.015;2.962;199.887;1.181;-0.0005;1.175;0.000;1.162;1;0.82;0.82;18.50
0.83;3.231;0.039;-0.0016;0.9;-0.405;0.814;51.250;1.264;0.000;3.231;0.041;0.015;0.015;3.216;214.331;1.221;-0.0005;1.216;0.000;1.217;1;0.83;0.83;18.50
0.84;3.485;0.044;-0.0016;0.9;-0.293;0.836;51.620;1.312;0.000;3.485;0.046;0.015;0.015;3.470;228.424;1.272;-0.0005;1.267;0.000;1.283;1;0.84;0.84;18.50
0.85;3.730;0.050;-0.0016;0.9;-0.405;0.836;51.990;1.373;0.000;3.730;0.051;0.015;0.015;3.715;241.597;1.336;-0.0004;1.330;0.000;1.360;1;0.85;0.85;18.50
0.86;3.957;0.056;-0.0017;0.9;-0.450;0.814;52.360;1.450;0.000;3.957;0.057;0.016;0.016;3.941;253.305;1.414;-0.0004;1.408;0.000;1.451;1;0.86;0.86;18.50
0.87;4.158;0.062;-0.0017;0.9;-0.338;0.791;52.730;1.544;0.000;4.158;0.064;0.016;0.016;4.142;263.094;1.508;-0.0004;1.502;0.000;1.554;1;0.87;0.87;18.50
0.88;4.328;0.070;-0.0018;0.8;-0.405;0.723;53.100;1.654;0.000;4.328;0.072;0.016;0.016;4.312;270.657;1.617;-0.0004;1.611;0.000;1.669;1;0.88;0.88;18.50
0.89;4.462;0.077;-0.0020;0.9;-0.360;0.859;53.470;1.779;0.000;4.462;0.079;0.016;0.016;4.446;275.889;1.742;-0.0004;1.735;0.000;1.795;1;0.89;0.89;18.50
0.90;4.563;0.085;-0.0021;0.9;-0.383;0.836;53.840;1.918;0.000;4.562;0.088;0.016;0.016;4.546;278.889;1.879;-0.0005;1.872;0.000;1.927;1;0.90;0.90;18.50
0.91;4.632;0.094;-0.0023;0.9;-0.405;0.791;54.200;2.068;0.000;4.632;0.096;0.016;0.016;4.615;280.066;2.026;-0.0005;2.019;0.000;2.060;1;0.91;0.91;18.00
0.92;4.679;0.102;-0.0025;0.9;-0.383;0.814;54.590;2.222;0.000;4.679;0.104;0.017;0.017;4.662;279.848;2.178;-0.0005;2.170;0.000;2.191;1;0.92;0.92;18.00
0.93;4.714;0.109;-0.0027;0.9;-0.360;0.859;54.950;2.375;0.000;4.714;0.112;0.017;0.017;4.697;278.910;2.326;-0.0006;2.317;0.000;2.310;1;0.93;0.93;18.00
0.94;4.750;0.116;-0.0029;0.9;-0.405;0.836;55.330;2.515;0.000;4.749;0.119;0.017;0.017;4.732;278.030;2.462;-0.0006;2.453;0.000;2.411;1;0.94;0.94;18.00
0.95;4.800;0.123;-0.0032;0.8;-0.383;0.746;55.700;2.631;0.000;4.800;0.126;0.017;0.017;4.783;278.055;2.574;-0.0007;2.565;0.000;2.486;1;0.95;0.95;18.00
0.96;4.882;0.129;-0.0034;0.9;-0.383;0.791;56.070;2.711;0.000;4.881;0.132;0.017;0.017;4.864;279.841;2.651;-0.0007;2.641;0.000;2.528;1;0.96;0.96;18.00
0.97;5.009;0.134;-0.0036;0.9;-0.338;0.859;56.440;2.743;0.000;5.008;0.137;0.018;0.018;4.991;284.207;2.682;-0.0007;2.672;0.000;2.530;1;0.97;0.97;18.00
0.98;5.196;0.138;-0.0036;0.9;-0.360;0.836;56.810;2.720;0.000;5.195;0.141;0.018;0.018;5.177;291.852;2.659;-0.0007;2.650;0.000;2.493;1;0.98;0.98;18.00
0.99;5.454;0.140;-0.0035;0.9;-0.338;0.791;57.180;2.640;0.000;5.453;0.144;0.018;0.018;5.435;303.306;2.583;-0.0007;2.575;0.000;2.417;1;0.99;0.99;18.00
1.00;5.790;0.142;-0.0033;0.9;-0.338;0.791;57.550;2.510;0.000;5.789;0.145;0.018;0.018;5.771;318.854;2.460;-0.0006;2.452;0.000;2.309;1;1.00;1.00;18.00
1.01;6.206;0.142;-0.0030;0.9;-0.405;0.768;57.920;2.345;0.000;6.206;0.146;0.018;0.018;6.187;338.470;2.303;-0.0005;2.296;0.000;2.177;1;1.01;1.01;18.00
1.02;6.698;0.142;-0.0027;1.0;-0.338;0.904;58.290;2.161;0.000;6.697;0.145;0.018;0.018;6.679;361.685;2.127;-0.0004;2.121;0.000;2.032;1;1.02;1.02;18.50
1.03;7.254;0.141;-0.0023;0.9;-0.338;0.791;58.660;1.976;0.000;7.253;0.143;0.019;0.019;7.235;387.923;1.949;-0.0003;1.944;0.000;1.885;1;1.03;1.03;18.50
1.04;7.860;0.140;-0.0019;0.9;-0.405;0.859;59.030;1.801;0.000;7.859;0.142;0.019;0.019;7.840;416.266;1.781;-0.0002;1.776;0.000;1.743;1;1.04;1.04;18.50
1.05;8.496;0.138;-0.0017;0.9;-0.338;0.814;59.400;1.647;0.000;8.496;0.140;0.019;0.019;8.477;445.675;1.631;-0.0002;1.627;0.000;1.613;9;1.05;1.05;18.50
1.06;9.145;0.137;-0.0015;0.9;-0.360;0.791;59.770;1.516;0.000;9.144;0.139;0.019;0.019;9.125;475.013;1.503;-0.0002;1.499;0.000;1.499;9;1.06;1.06;19.00
1.07;9.789;0.136;-0.0014;0.8;-0.405;0.746;60.140;1.407;0.000;9.788;0.138;0.019;0.019;9.769;503.550;1.395;-0.0001;1.392;0.000;1.400;9;1.07;1.07;19.00
1.08;10.416;0.136;-0.0014;0.9;-0.270;0.859;60.510;1.317;0.000;10.415;0.137;0.020;0.020;10.396;530.664;1.305;-0.0001;1.303;0.000;1.315;9;1.08;1.08;19.00
1.09;11.018;0.135;-0.0015;0.8;-0.270;0.768;60.880;1.239;0.000;11.018;0.137;0.020;0.020;10.998;556.023;1.228;-0.0001;1.225;0.000;1.239;9;1.09;1.09;19.00
1.10;11.593;0.134;-0.0017;0.7;-0.248;0.678;61.250;1.168;0.000;11.593;0.135;0.020;0.020;11.573;579.513;1.156;-0.0001;1.154;0.000;1.167;9;1.10;1.10;19.00
1.11;12.140;0.132;-0.0018;0.9;-0.248;0.814;61.600;1.100;0.000;12.140;0.133;0.020;0.020;12.120;601.177;1.087;-0.0001;1.085;0.000;1.098;9;1.11;1.11;19.00
1.12;12.660;0.129;-0.0019;0.8;-0.270;0.701;61.960;1.032;0.000;12.659;0.131;0.020;0.020;12.639;621.086;1.018;-0.0001;1.017;0.000;1.030;9;1.12;1.12;19.00
1.13;13.152;0.125;-0.0019;0.8;-0.270;0.701;62.330;0.966;0.000;13.152;0.127;0.021;0.021;13.131;639.144;0.952;-0.0001;0.951;0.000;0.965;9;1.13;1.13;19.50
1.14;13.612;0.121;-0.0019;0.8;-0.270;0.791;62.700;0.906;0.000;13.611;0.123;0.021;0.021;13.591;655.288;0.893;-0.0001;0.891;0.000;0.908;9;1.14;1.14;19.50
1.15;14.028;0.118;-0.0018;0.8;-0.270;0.701;63.070;0.858;0.000;14.028;0.120;0.021;0.021;14.007;669.057;0.846;-0.0001;0.844;0.000;0.864;9;1.15;1.15;19.50
1.16;14.385;0.117;-0.0017;0.8;-0.360;0.678;63.440;0.826;0.000;14.384;0.119;0.021;0.021;14.363;679.761;0.816;-0.0001;0.814;0.000;0.837;9;1.16;1.16;19.50
1.17;14.662;0.118;-0.0015;0.7;-0.293;0.633;63.810;0.815;0.000;14.662;0.119;0.021;0.021;14.641;686.547;0.806;-0.0001;0.804;0.000;0.829;9;1.17;1.17;19.50
1.18;14.836;0.121;-0.0012;0.8;-0.383;0.746;64.170;0.824;0.000;14.836;0.122;0.022;0.022;14.815;688.411;0.817;-0.0001;0.815;0.000;0.840;9;1.18;1.18;19.50
1.19;14.901;0.126;-0.0008;0.7;-0.293;0.678;64.550;0.851;0.000;14.901;0.127;0.022;0.022;14.879;685.199;0.847;-0.0001;0.845;0.000;0.866;9;1.19;1.19;19.50
1.20;14.868;0.132;-0.0004;0.7;-0.360;0.655;64.900;0.891;0.000;14.868;0.133;0.022;0.022;14.846;677.607;0.890;0.0000;0.889;0.000;0.902;9;1.20;1.20;19.50
1.21;14.770;0.139;0.0001;0.9;-0.315;0.791;65.260;0.939;0.000;14.770;0.139;0.022;0.022;14.748;667.159;0.941;0.0000;0.940;0.000;0.942;9;1.21;1.21;19.50
1.22;14.655;0.145;0.0007;0.8;-0.293;0.746;65.630;0.987;0.000;14.655;0.145;0.022;0.022;14.633;656.172;0.993;0.0000;0.992;0.000;0.979;9;1.22;1.22;19.50
1.23;14.594;0.151;0.0011;0.9;-0.383;0.768;66.000;1.028;0.000;14.594;0.150;0.022;0.022;14.571;647.756;1.038;0.0001;1.036;0.000;1.012;9;1.23;1.23;19.50
1.24;14.632;0.156;0.0015;0.8;-0.383;0.701;76.000;1.058;0.000;14.633;0.155;0.023;0.023;14.610;643.898;1.070;0.0001;1.068;0.000;1.037;9;1.24;1.24;19.50
1.25;14.793;0.161;0.0016;0.8;-0.428;0.723;76.850;1.075;0.000;14.794;0.159;0.023;0.023;14.771;645.438;1.087;0.0001;1.086;0.000;1.055;9;1.25;1.25;19.50
1.26;15.073;0.164;0.0016;0.9;-0.315;0.836;77.310;1.080;0.000;15.073;0.163;0.023;0.023;15.050;652.089;1.093;0.0001;1.091;0.000;1.067;9;1.26;1.26;19.50
1.27;15.441;0.168;0.0014;0.8;-0.338;0.746;77.710;1.079;0.000;15.442;0.167;0.023;0.023;15.418;662.446;1.090;0.0001;1.088;0.000;1.075;9;1.27;1.27;19.50
1.28;15.842;0.172;0.0012;0.8;-0.360;0.746;78.100;1.076;0.000;15.842;0.170;0.023;0.023;15.819;673.988;1.085;0.0001;1.083;0.000;1.081;9;1.28;1.28;19.50
1.29;16.232;0.175;0.0009;0.9;-0.428;0.791;78.490;1.075;0.000;16.232;0.174;0.024;0.024;16.208;684.914;1.082;0.0001;1.080;0.000;1.086;9;1.29;1.29;19.50
1.30;16.586;0.179;0.0007;0.9;-0.473;0.768;78.860;1.077;0.000;16.586;0.179;0.024;0.024;16.562;694.142;1.083;0.0000;1.082;0.000;1.090;9;1.30;1.30;19.50
1.31;16.893;0.184;0.0006;0.8;-0.405;0.746;79.230;1.084;0.000;16.894;0.183;0.024;0.024;16.870;701.289;1.089;0.0000;1.087;0.000;1.096;9;1.31;1.31;19.50
1.32;17.160;0.188;0.0006;0.9;-0.541;0.746;79.600;1.093;0.000;17.160;0.188;0.024;0.024;17.136;706.640;1.098;0.0000;1.096;0.000;1.102;9;1.32;1.32;19.50
1.33;17.408;0.193;0.0007;0.9;-0.473;0.723;79.970;1.102;0.000;17.408;0.192;0.024;0.024;17.383;711.122;1.108;0.0000;1.106;0.000;1.109;9;1.33;1.33;19.50
1.34;17.652;0.197;0.0007;1.0;-0.495;0.814;80.320;1.111;0.000;17.653;0.196;0.025;0.025;17.628;715.419;1.116;0.0000;1.115;0.000;1.115;9;1.34;1.34;19.50
1.35;17.905;0.201;0.0008;0.9;-0.518;0.791;80.680;1.116;0.000;17.905;0.200;0.025;0.025;17.880;719.969;1.123;0.0000;1.121;0.000;1.119;9;1.35;1.35;19.50
1.36;18.171;0.204;0.0009;0.9;-0.495;0.746;81.030;1.119;0.000;18.171;0.203;0.025;0.025;18.146;724.974;1.126;0.0000;1.124;0.000;1.122;9;1.36;1.36;19.50
1.37;18.450;0.208;0.0009;1.0;-0.541;0.814;81.380;1.120;0.000;18.450;0.207;0.025;0.025;18.425;730.415;1.126;0.0000;1.125;0.000;1.123;9;1.37;1.37;19.50
1.38;18.736;0.210;0.0008;1.0;-0.608;0.814;81.750;1.119;0.000;18.736;0.210;0.025;0.025;18.711;736.076;1.125;0.0000;1.123;0.000;1.123;9;1.38;1.38;19.50
1.39;19.025;0.213;0.0007;0.9;-0.608;0.701;82.120;1.117;0.000;19.025;0.212;0.026;0.026;18.999;741.721;1.122;0.0000;1.121;0.000;1.122;9;1.39;1.39;19.50
1.40;19.308;0.216;0.0005;0.9;-0.563;0.746;82.480;1.116;0.000;19.308;0.215;0.026;0.026;19.283;747.100;1.120;0.0000;1.118;0.000;1.121;9;1.40;1.40;19.50
1.41;19.581;0.219;0.0002;0.9;-0.631;0.678;82.840;1.116;0.000;19.581;0.219;0.026;0.026;19.555;751.960;1.118;0.0000;1.117;0.000;1.122;9;1.41;1.41;19.50
1.42;19.835;0.222;-0.0001;0.9;-0.608;0.701;83.210;1.119;0.000;19.835;0.222;0.026;0.026;19.809;756.054;1.120;0.0000;1.118;0.000;1.126;9;1.42;1.42;19.50
1.43;20.063;0.225;-0.0004;1.0;-0.608;0.768;83.580;1.124;0.000;20.063;0.226;0.026;0.026;20.037;759.120;1.124;0.0000;1.122;0.000;1.132;9;1.43;1.43;19.50
1.44;20.259;0.229;-0.0006;0.9;-0.586;0.723;83.950;1.134;0.000;20.258;0.230;0.027;0.027;20.232;760.881;1.132;0.0000;1.131;0.000;1.142;9;1.44;1.44;19.50
1.45;20.411;0.233;-0.0008;0.9;-0.608;0.723;84.320;1.147;0.000;20.411;0.234;0.027;0.027;20.385;761.042;1.145;0.0000;1.143;0.000;1.157;9;1.45;1.45;19.50
1.46;20.514;0.238;-0.0008;0.9;-0.586;0.633;84.690;1.165;0.000;20.514;0.239;0.027;0.027;20.487;759.339;1.163;0.0000;1.161;0.000;1.176;9;1.46;1.46;19.50
1.47;20.560;0.244;-0.0008;0.9;-0.608;0.655;85.060;1.188;0.000;20.560;0.244;0.027;0.027;20.533;755.573;1.186;0.0000;1.184;0.000;1.199;9;1.47;1.47;19.50
1.48;20.547;0.249;-0.0006;1.7;-0.518;1.650;85.440;1.216;0.000;20.547;0.250;0.027;0.027;20.519;749.703;1.214;0.0000;1.213;0.000;1.227;9;1.48;1.48;19.50
1.49;20.478;0.255;-0.0004;0.6;-0.405;0.407;85.810;1.248;0.000;20.478;0.256;0.028;0.028;20.450;741.897;1.248;0.0000;1.246;0.000;1.258;9;1.49;1.49;19.50
1.50;20.364;0.261;-0.0001;1.1;-0.878;0.633;86.180;1.283;0.000;20.364;0.261;0.028;0.028;20.336;732.556;1.285;0.0000;1.283;0.000;1.292;9;1.50;1.50;19.50
1.51;20.218;0.267;0.0001;0.9;-0.541;0.746;86.550;1.320;0.000;20.218;0.267;0.028;0.028;20.190;722.236;1.323;0.0000;1.321;0.000;1.326;8;1.51;1.51;19.50
1.52;20.058;0.272;0.0004;0.9;-0.518;0.768;86.920;1.356;0.000;20.058;0.272;0.028;0.028;20.030;711.667;1.360;0.0000;1.358;0.000;1.360;8;1.52;1.52;19.00
1.53;19.898;0.277;0.0006;1.0;-0.586;0.814;87.290;1.388;0.000;19.898;0.276;0.028;0.028;19.870;701.246;1.393;0.0000;1.391;0.000;1.390;8;1.53;1.53;19.00
1.54;19.748;0.280;0.0008;1.0;-0.563;0.768;87.670;1.413;0.000;19.749;0.279;0.029;0.029;19.720;691.327;1.419;0.0000;1.417;0.000;1.414;8;1.54;1.54;19.00
1.55;19.613;0.282;0.0009;0.9;-0.563;0.701;88.040;1.432;0.000;19.613;0.281;0.029;0.029;19.585;682.035;1.438;0.0000;1.436;0.000;1.433;8;1.55;1.55;19.00
1.56;19.491;0.282;0.0010;0.9;-0.541;0.768;88.420;1.443;0.000;19.491;0.281;0.029;0.029;19.462;673.314;1.450;0.0001;1.448;0.000;1.445;8;1.56;1.56;19.00
1.57;19.377;0.281;0.0010;0.9;-0.608;0.723;88.800;1.447;0.000;19.377;0.280;0.029;0.029;19.348;665.000;1.455;0.0001;1.453;0.000;1.451;8;1.57;1.57;19.00
1.58;19.266;0.280;0.0011;0.9;-0.541;0.768;89.170;1.447;0.000;19.267;0.279;0.029;0.029;19.237;656.898;1.455;0.0001;1.453;0.000;1.453;8;1.58;1.58;19.00
1.59;19.154;0.278;0.0012;0.9;-0.563;0.723;89.540;1.445;0.000;19.154;0.277;0.029;0.029;19.124;648.837;1.453;0.0001;1.451;0.000;1.452;8;1.59;1.59;19.00
1.60;19.036;0.276;0.0012;1.0;-0.631;0.746;89.910;1.442;0.000;19.036;0.275;0.030;0.030;19.006;640.699;1.451;0.0001;1.448;0.000;1.451;8;1.60;1.60;19.00
1.61;18.910;0.274;0.0012;1.0;-0.563;0.814;90.280;1.441;0.000;18.910;0.272;0.030;0.030;18.880;632.400;1.450;0.0001;1.447;0.000;1.451;8;1.61;1.61;19.00
1.62;18.774;0.272;0.0012;1.0;-0.563;0.814;90.670;1.442;0.000;18.774;0.271;0.030;0.030;18.744;623.867;1.451;0.0001;1.449;0.000;1.454;8;1.62;1.62;19.00
1.63;18.625;0.270;0.0011;1.0;-0.563;0.814;91.030;1.446;0.000;18.625;0.269;0.030;0.030;18.595;615.018;1.455;0.0001;1.452;0.000;1.458;8;1.63;1.63;19.00
1.64;18.461;0.269;0.0010;1.1;-0.631;0.881;91.410;1.452;0.000;18.461;0.268;0.030;0.030;18.430;605.764;1.460;0.0001;1.458;0.000;1.465;8;1.64;1.64;19.00
1.65;18.277;0.268;0.0009;1.0;-0.563;0.881;91.780;1.461;0.000;18.277;0.267;0.031;0.031;18.247;596.008;1.468;0.0000;1.466;0.000;1.474;8;1.65;1.65;19.00
1.66;18.072;0.267;0.0007;1.0;-0.608;0.746;92.140;1.471;0.000;18.073;0.266;0.031;0.031;18.042;585.678;1.477;0.0000;1.475;0.000;1.483;8;1.66;1.66;19.00
1.67;17.845;0.265;0.0005;1.0;-0.608;0.836;92.510;1.482;0.000;17.845;0.264;0.031;0.031;17.814;574.753;1.487;0.0000;1.485;0.000;1.492;8;1.67;1.67;19.00
1.68;17.597;0.263;0.0003;1.0;-0.608;0.836;92.870;1.493;0.000;17.597;0.263;0.031;0.031;17.566;563.274;1.497;0.0000;1.495;0.000;1.501;8;1.68;1.68;19.00
1.69;17.330;0.261;0.0001;1.1;-0.631;0.881;93.240;1.504;0.000;17.330;0.261;0.031;0.031;17.299;551.359;1.508;0.0000;1.505;0.000;1.509;8;1.69;1.69;19.00
1.70;17.052;0.258;-0.0001;1.1;-0.653;0.836;93.610;1.514;0.000;17.052;0.258;0.032;0.032;17.020;539.213;1.517;0.0000;1.514;0.000;1.514;8;1.70;1.70;19.00
1.71;16.770;0.255;-0.0002;1.0;-0.653;0.768;93.980;1.522;0.000;16.770;0.255;0.032;0.032;16.738;527.096;1.524;0.0000;1.521;0.000;1.517;8;1.71;1.71;19.00
1.72;16.494;0.252;-0.0003;1.1;-0.676;0.859;94.350;1.528;0.000;16.493;0.252;0.032;0.032;16.462;515.309;1.529;0.0000;1.526;0.000;1.517;8;1.72;1.72;19.00
1.73;16.235;0.248;-0.0004;1.0;-0.608;0.768;94.720;1.531;0.000;16.235;0.249;0.032;0.032;16.202;504.201;1.532;0.0000;1.529;0.000;1.514;8;1.73;1.73;19.00
1.74;16.006;0.245;-0.0004;1.0;-0.586;0.859;95.080;1.533;0.000;16.006;0.245;0.032;0.032;15.973;494.146;1.534;0.0000;1.531;0.000;1.511;8;1.74;1.74;19.00
1.75;15.819;0.243;-0.0004;1.0;-0.653;0.814;95.450;1.536;0.000;15.819;0.243;0.033;0.033;15.787;485.519;1.537;0.0000;1.534;0.000;1.509;8;1.75;1.75;19.00
1.76;15.688;0.242;-0.0004;0.9;-0.586;0.746;95.820;1.543;0.000;15.688;0.242;0.033;0.033;15.655;478.677;1.544;0.0000;1.541;0.000;1.512;8;1.76;1.76;19.00
1.77;15.623;0.242;-0.0004;1.3;-0.608;1.107;96.190;1.554;0.000;15.623;0.243;0.033;0.033;15.590;473.941;1.555;0.0000;1.552;0.000;1.521;8;1.77;1.77;19.00
1.78;15.632;0.245;-0.0004;1.1;-0.608;0.859;96.560;1.570;0.000;15.632;0.245;0.033;0.033;15.599;471.476;1.571;0.0000;1.568;0.000;1.538;8;1.78;1.78;19.00
1.79;15.713;0.249;-0.0005;0.9;-0.586;0.723;96.920;1.589;0.000;15.713;0.250;0.033;0.033;15.679;471.205;1.589;0.0000;1.586;0.000;1.561;8;1.79;1.79;19.00
1.80;15.856;0.254;-0.0005;1.0;-0.721;0.701;97.290;1.608;0.000;15.856;0.255;0.033;0.033;15.822;472.807;1.608;0.0000;1.605;0.000;1.587;8;1.80;1.80;19.00
1.81;16.044;0.260;-0.0006;0.8;-0.676;0.497;97.660;1.624;0.000;16.044;0.260;0.034;0.034;16.010;475.709;1.623;0.0000;1.620;0.000;1.613;8;1.81;1.81;19.00
1.82;16.249;0.265;-0.0007;1.0;-0.631;0.723;98.040;1.634;0.000;16.249;0.266;0.034;0.034;16.215;479.089;1.634;0.0000;1.630;0.000;1.636;8;1.82;1.82;19.00
1.83;16.441;0.269;-0.0007;1.0;-0.743;0.701;98.410;1.640;0.000;16.441;0.270;0.034;0.034;16.407;482.049;1.639;0.0000;1.636;0.000;1.653;8;1.83;1.83;19.00
1.84;16.593;0.272;-0.0007;0.9;-0.653;0.655;98.780;1.643;0.000;16.593;0.273;0.034;0.034;16.559;483.819;1.642;0.0000;1.639;0.000;1.666;8;1.84;1.84;19.00
1.85;16.683;0.274;-0.0007;1.1;-0.743;0.768;99.150;1.645;0.000;16.683;0.274;0.034;0.034;16.649;483.766;1.644;0.0000;1.641;0.000;1.675;8;1.85;1.85;19.00
1.86;16.695;0.275;-0.0006;1.1;-0.721;0.814;99.520;1.649;0.000;16.695;0.275;0.035;0.035;16.661;481.451;1.649;0.0000;1.646;0.000;1.684;8;1.86;1.86;19.00
1.87;16.622;0.275;-0.0006;1.2;-0.698;0.949;99.890;1.659;0.000;16.622;0.276;0.035;0.035;16.587;476.713;1.659;0.0000;1.655;0.000;1.696;8;1.87;1.87;19.00
1.88;16.463;0.275;-0.0006;1.0;-0.653;0.701;100.260;1.674;0.000;16.463;0.276;0.035;0.035;16.428;469.573;1.674;0.0000;1.670;0.000;1.711;8;1.88;1.88;19.00
1.89;16.219;0.274;-0.0005;1.0;-0.698;0.655;100.630;1.695;0.000;16.219;0.275;0.035;0.035;16.184;460.096;1.695;0.0000;1.692;0.000;1.729;8;1.89;1.89;19.00
1.90;15.897;0.273;-0.0005;1.0;-0.743;0.655;101.010;1.720;0.000;15.897;0.273;0.035;0.035;15.861;448.499;1.721;0.0000;1.717;0.000;1.748;8;1.90;1.90;19.00
1.91;15.509;0.271;-0.0004;1.0;-0.721;0.633;101.380;1.748;0.000;15.509;0.271;0.036;0.036;15.473;435.198;1.749;0.0000;1.745;0.000;1.765;8;1.91;1.91;19.00
1.92;15.076;0.267;-0.0003;1.0;-0.788;0.655;101.750;1.774;0.000;15.076;0.267;0.036;0.036;15.040;420.771;1.776;0.0000;1.772;0.000;1.777;8;1.92;1.92;19.00
1.93;14.626;0.263;-0.0001;0.9;-0.743;0.520;102.110;1.796;0.000;14.626;0.263;0.036;0.036;14.590;406.011;1.800;0.0000;1.795;0.000;1.782;8;1.93;1.93;19.00
1.94;14.196;0.257;0.0002;1.0;-0.788;0.542;102.470;1.809;0.000;14.196;0.257;0.036;0.036;14.160;391.960;1.814;0.0000;1.810;0.000;1.776;8;1.94;1.94;19.00
1.95;13.825;0.251;0.0005;1.0;-0.811;0.588;102.830;1.809;0.000;13.825;0.250;0.036;0.036;13.789;379.693;1.817;0.0000;1.812;0.000;1.761;8;1.95;1.95;19.00
1.96;13.548;0.244;0.0008;0.9;-0.788;0.475;103.200;1.794;0.000;13.548;0.243;0.037;0.037;13.511;370.121;1.804;0.0001;1.800;0.000;1.736;8;1.96;1.96;19.00
1.97;13.388;0.237;0.0011;1.0;-0.833;0.475;103.570;1.763;0.000;13.389;0.236;0.037;0.037;13.352;363.863;1.777;0.0001;1.772;0.000;1.704;8;1.97;1.97;19.00
1.98;13.357;0.231;0.0013;0.9;-0.766;0.497;103.940;1.720;0.000;13.357;0.230;0.037;0.037;13.320;361.133;1.735;0.0001;1.731;0.000;1.667;8;1.98;1.98;19.00
1.99;13.446;0.226;0.0015;1.0;-0.811;0.610;104.310;1.670;0.000;13.446;0.224;0.037;0.037;13.409;361.665;1.685;0.0001;1.680;0.000;1.629;8;1.99;1.99;19.00
2.00;13.632;0.222;0.0015;0.9;-0.743;0.565;104.670;1.616;0.000;13.632;0.220;0.037;0.037;13.595;364.816;1.632;0.0001;1.627;0.000;1.592;8;2.00;2.00;19.00
2.01;13.885;0.219;0.0014;0.9;-0.811;0.452;105.040;1.566;0.000;13.885;0.217;0.037;0.037;13.847;369.710;1.580;0.0001;1.576;0.000;1.559;8;2.01;2.01;19.00
2.02;14.168;0.217;0.0012;0.9;-0.743;0.565;105.410;1.522;0.000;14.168;0.216;0.038;0.038;14.131;375.371;1.535;0.0001;1.531;0.000;1.532;8;2.02;2.02;19.00
2.03;14.446;0.216;0.0010;1.0;-0.788;0.678;105.780;1.487;0.000;14.446;0.215;0.038;0.038;14.409;380.827;1.498;0.0001;1.494;0.000;1.511;8;2.03;2.03;19.00
2.04;14.685;0.215;0.0008;1.0;-0.766;0.633;106.160;1.461;0.000;14.686;0.215;0.038;0.038;14.647;385.207;1.470;0.0001;1.466;0.000;1.496;8;2.04;2.04;19.00
2.05;14.858;0.215;0.0007;1.1;-0.833;0.768;106.540;1.444;0.000;14.858;0.215;0.038;0.038;14.819;387.792;1.452;0.0000;1.448;0.000;1.489;8;2.05;2.05;19.00
2.06;14.941;0.215;0.0005;0.7;-0.541;0.497;106.910;1.436;0.000;14.941;0.215;0.038;0.038;14.903;388.047;1.443;0.0000;1.440;0.000;1.487;8;2.06;2.06;19.00
2.07;14.921;0.215;0.0005;0.8;-0.473;0.588;107.280;1.436;0.000;14.921;0.214;0.039;0.039;14.882;385.599;1.443;0.0000;1.439;0.000;1.491;8;2.07;2.07;19.00
2.08;14.787;0.214;0.0004;0.8;-0.608;0.542;107.660;1.444;0.000;14.787;0.214;0.039;0.039;14.748;380.250;1.451;0.0000;1.447;0.000;1.501;8;2.08;2.08;19.00
2.09;14.538;0.213;0.0004;0.9;-0.631;0.588;108.050;1.461;0.000;14.538;0.212;0.039;0.039;14.499;371.999;1.468;0.0000;1.464;0.000;1.517;8;2.09;2.09;19.00
2.10;14.179;0.211;0.0004;0.3;-0.135;0.249;108.430;1.486;0.000;14.179;0.211;0.039;0.039;14.140;361.025;1.493;0.0000;1.489;0.000;1.539;8;2.10;2.10;19.00
2.11;13.720;0.209;0.0004;0.8;-0.405;0.746;108.800;1.520;0.000;13.721;0.209;0.039;0.039;13.681;347.635;1.528;0.0000;1.523;0.000;1.568;8;2.11;2.11;19.00
2.12;13.179;0.207;0.0004;0.8;-0.563;0.588;109.170;1.565;0.000;13.180;0.206;0.040;0.040;13.140;332.280;1.573;0.0000;1.568;0.000;1.605;8;2.12;2.12;19.00
2.13;12.576;0.204;0.0005;0.8;-0.563;0.542;109.550;1.620;0.000;12.576;0.204;0.040;0.040;12.536;315.501;1.629;0.0000;1.624;0.000;1.653;8;2.13;2.13;19.00
2.14;11.931;0.202;0.0006;0.8;-0.608;0.565;109.920;1.687;0.000;11.931;0.201;0.040;0.040;11.891;297.833;1.698;0.0000;1.692;0.000;1.712;8;2.14;2.14;19.00
2.15;11.262;0.200;0.0007;0.9;-0.631;0.610;110.310;1.769;0.000;11.262;0.199;0.040;0.040;11.222;279.771;1.782;0.0001;1.776;0.000;1.786;8;2.15;2.15;18.50
2.16;10.583;0.199;0.0009;0.9;-0.698;0.633;110.680;1.868;0.000;10.584;0.198;0.040;0.040;10.543;261.654;1.883;0.0001;1.876;0.000;1.876;8;2.16;2.16;18.50
2.17;9.907;0.198;0.0011;0.9;-0.676;0.655;111.050;1.983;0.000;9.908;0.196;0.040;0.040;9.867;243.752;2.002;0.0001;1.994;0.000;1.980;8;2.17;2.17;18.50
2.18;9.241;0.197;0.0014;0.9;-0.676;0.655;111.420;2.115;0.000;9.241;0.195;0.041;0.041;9.201;226.254;2.139;0.0002;2.130;0.000;2.096;8;2.18;2.18;18.50
2.19;8.596;0.196;0.0017;1.0;-0.788;0.655;111.790;2.263;0.000;8.597;0.195;0.041;0.041;8.556;209.445;2.294;0.0002;2.283;0.000;2.217;8;2.19;2.19;18.50
2.20;7.992;0.196;0.0020;1.0;-0.743;0.655;112.160;2.421;0.000;7.993;0.194;0.041;0.041;7.952;193.780;2.459;0.0003;2.447;0.000;2.335;8;2.20;2.20;18.50
2.21;7.457;0.195;0.0024;1.0;-0.698;0.701;112.530;2.578;0.000;7.457;0.192;0.041;0.041;7.416;179.935;2.625;0.0003;2.611;0.000;2.439;8;2.21;2.21;18.00
2.22;7.025;0.194;0.0028;1.0;-0.743;0.655;112.900;2.717;0.000;7.025;0.191;0.041;0.041;6.984;168.709;2.773;0.0004;2.757;0.000;2.519;8;2.22;2.22;18.00
2.23;6.736;0.193;0.0032;1.0;-0.743;0.633;113.270;2.812;0.000;6.736;0.189;0.042;0.042;6.695;161.024;2.877;0.0005;2.859;0.000;2.565;8;2.23;2.23;18.00
2.24;6.620;0.192;0.0035;1.0;-0.698;0.655;116.370;2.840;0.000;6.621;0.188;0.042;0.042;6.579;157.558;2.911;0.0005;2.893;0.000;2.575;8;2.24;2.24;18.00
2.25;6.693;0.191;0.0038;1.0;-0.743;0.723;117.080;2.790;0.000;6.694;0.187;0.042;0.042;6.652;158.618;2.865;0.0006;2.847;0.000;2.545;8;2.25;2.25;18.00
2.26;6.950;0.190;0.0039;0.9;-0.676;0.655;117.530;2.671;0.000;6.951;0.186;0.042;0.042;6.909;164.045;2.744;0.0006;2.728;0.000;2.481;8;2.26;2.26;18.00
2.27;7.367;0.188;0.0040;0.9;-0.653;0.610;117.900;2.504;0.000;7.368;0.184;0.042;0.042;7.325;173.200;2.573;0.0005;2.558;0.000;2.387;8;2.27;2.27;18.00
2.28;7.900;0.187;0.0038;0.9;-0.631;0.633;118.270;2.318;0.000;7.901;0.183;0.042;0.042;7.858;184.987;2.379;0.0005;2.367;0.000;2.272;8;2.28;2.28;18.50
2.29;8.500;0.185;0.0036;1.0;-0.698;0.723;118.640;2.134;0.000;8.501;0.181;0.043;0.043;8.458;198.240;2.187;0.0004;2.177;0.000;2.146;8;2.29;2.29;18.50
2.30;9.118;0.183;0.0033;0.9;-0.698;0.565;119.000;1.966;0.000;9.118;0.179;0.043;0.043;9.075;211.794;2.011;0.0004;2.002;0.000;2.018;8;2.30;2.30;18.50
2.31;9.709;0.180;0.0029;0.9;-0.698;0.565;119.370;1.820;0.000;9.710;0.177;0.043;0.043;9.667;224.626;1.858;0.0003;1.850;0.000;1.897;8;2.31;2.31;18.50
2.32;10.240;0.177;0.0025;1.0;-0.743;0.610;119.740;1.699;0.000;10.241;0.174;0.043;0.043;10.197;235.944;1.731;0.0002;1.724;0.000;1.788;8;2.32;2.32;18.50
2.33;10.688;0.173;0.0022;0.8;-0.608;0.588;120.110;1.602;0.000;10.688;0.171;0.043;0.043;10.645;245.217;1.629;0.0002;1.623;0.000;1.695;8;2.33;2.33;19.00
2.34;11.036;0.171;0.0020;0.9;-0.653;0.588;120.490;1.528;0.000;11.037;0.169;0.044;0.044;10.993;252.135;1.552;0.0002;1.546;0.000;1.623;8;2.34;2.34;19.00
2.35;11.275;0.168;0.0018;0.9;-0.698;0.633;120.860;1.477;0.000;11.275;0.167;0.044;0.044;11.232;256.488;1.498;0.0002;1.493;0.000;1.572;8;2.35;2.35;19.00
2.36;11.397;0.167;0.0017;0.9;-0.631;0.610;121.230;1.446;0.000;11.398;0.165;0.044;0.044;11.354;258.158;1.467;0.0002;1.462;0.000;1.542;8;2.36;2.36;19.00
2.37;11.399;0.166;0.0017;0.9;-0.653;0.588;121.580;1.437;0.000;11.399;0.164;0.044;0.044;11.355;257.068;1.458;0.0002;1.452;0.000;1.534;8;2.37;2.37;19.00
2.38;11.274;0.165;0.0017;1.0;-0.676;0.723;121.950;1.450;0.000;11.274;0.163;0.044;0.044;11.230;253.152;1.471;0.0002;1.465;0.000;1.549;8;2.38;2.38;19.00
2.39;11.022;0.166;0.0018;1.0;-0.743;0.701;122.320;1.486;0.000;11.022;0.164;0.045;0.045;10.978;246.409;1.508;0.0002;1.502;0.000;1.586;8;2.39;2.39;19.00
2.40;10.645;0.167;0.0018;0.9;-0.698;0.565;122.690;1.548;0.000;10.646;0.165;0.045;0.045;10.601;236.944;1.572;0.0002;1.566;0.000;1.648;8;2.40;2.40;19.00
2.41;10.153;0.168;0.0019;1.0;-0.766;0.701;123.060;1.640;0.000;10.153;0.167;0.045;0.045;10.108;225.007;1.666;0.0002;1.659;0.000;1.737;8;2.41;2.41;18.50
2.42;9.561;0.171;0.0019;1.0;-0.721;0.746;123.430;1.766;0.000;9.561;0.169;0.045;0.045;9.516;210.949;1.794;0.0002;1.785;0.000;1.854;8;2.42;2.42;18.50
2.43;8.891;0.173;0.0019;1.0;-0.766;0.655;123.810;1.928;0.000;8.891;0.171;0.045;0.045;8.846;195.302;1.960;0.0002;1.950;0.000;2.002;8;2.43;2.43;18.50
2.44;8.172;0.176;0.0019;0.8;-0.518;0.655;124.180;2.133;0.000;8.173;0.174;0.045;0.045;8.127;178.695;2.168;0.0002;2.157;0.000;2.184;8;2.44;2.44;18.50
2.45;7.433;0.179;0.0019;1.0;-0.743;0.701;124.550;2.384;0.000;7.434;0.177;0.046;0.046;7.388;161.785;2.425;0.0003;2.410;0.000;2.402;8;2.45;2.45;18.50
2.46;6.704;0.182;0.0020;0.9;-0.721;0.588;124.920;2.685;0.000;6.704;0.180;0.046;0.046;6.658;145.230;2.733;0.0003;2.715;0.000;2.657;8;2.46;2.46;18.00
2.47;6.009;0.185;0.0021;1.1;-0.743;0.791;125.300;3.036;0.000;6.010;0.182;0.046;0.046;5.964;129.578;3.094;0.0003;3.071;0.000;2.953;8;2.47;2.47;18.00
2.48;5.371;0.187;0.0022;1.1;-0.743;0.791;125.680;3.437;0.000;5.372;0.185;0.046;0.046;5.326;115.263;3.508;0.0004;3.478;0.000;3.287;8;2.48;2.48;18.00
2.49;4.804;0.189;0.0023;1.1;-0.766;0.791;126.050;3.881;0.000;4.805;0.186;0.046;0.046;4.758;102.584;3.966;0.0005;3.928;0.000;3.659;3;2.49;2.49;18.00
2.50;4.316;0.190;0.0023;1.1;-0.766;0.746;126.420;4.354;0.000;4.317;0.188;0.047;0.047;4.270;91.705;4.457;0.0005;4.409;0.000;4.062;3;2.50;2.50;18.00
2.51;3.910;0.192;0.0024;1.1;-0.721;0.791;126.790;4.838;0.000;3.910;0.189;0.047;0.047;3.863;82.647;4.958;0.0006;4.900;0.000;4.489;3;2.51;2.51;18.00
2.52;3.580;0.192;0.0023;1.1;-0.743;0.768;127.170;5.311;0.000;3.581;0.190;0.047;0.047;3.534;75.314;5.447;0.0007;5.376;0.000;4.926;3;2.52;2.52;17.50
2.53;3.320;0.193;0.0022;1.1;-0.811;0.791;127.540;5.747;0.000;3.321;0.191;0.047;0.047;3.274;69.510;5.898;0.0007;5.815;0.000;5.358;3;2.53;2.53;17.50
2.54;3.119;0.193;0.0021;1.1;-0.721;0.881;127.890;6.130;0.000;3.119;0.191;0.047;0.047;3.072;64.992;6.291;0.0007;6.196;0.000;5.767;3;2.54;2.54;17.50
2.55;2.964;0.193;0.0018;1.2;-0.743;0.881;128.260;6.448;0.000;2.964;0.191;0.047;0.047;2.917;61.483;6.616;0.0006;6.511;0.000;6.139;3;2.55;2.55;17.50
2.56;2.843;0.192;0.0016;1.2;-0.788;0.859;128.630;6.701;0.000;2.844;0.191;0.048;0.048;2.796;58.718;6.874;0.0006;6.760;0.000;6.460;3;2.56;2.56;17.50
2.57;2.747;0.191;0.0015;1.1;-0.766;0.836;129.000;6.895;0.000;2.747;0.189;0.048;0.048;2.699;56.471;7.072;0.0005;6.949;0.000;6.724;3;2.57;2.57;17.50
2.58;2.665;0.189;0.0014;1.2;-0.811;0.881;129.370;7.038;0.000;2.665;0.188;0.048;0.048;2.617;54.559;7.219;0.0005;7.090;0.000;6.928;3;2.58;2.58;17.50
2.59;2.593;0.186;0.0013;1.1;-0.653;0.881;129.740;7.139;0.000;2.593;0.185;0.048;0.048;2.545;52.854;7.325;0.0005;7.190;0.000;7.076;3;2.59;2.59;17.50
2.60;2.526;0.183;0.0013;1.2;-0.743;0.881;130.110;7.204;0.000;2.526;0.182;0.048;0.048;2.478;51.282;7.396;0.0005;7.255;0.000;7.172;3;2.60;2.60;17.50
2.61;2.464;0.180;0.0013;1.2;-0.766;0.972;130.480;7.234;0.000;2.464;0.178;0.048;0.048;2.415;49.808;7.434;0.0005;7.288;0.000;7.220;3;2.61;2.61;17.50
2.62;2.405;0.175;0.0014;1.1;-0.788;0.836;130.850;7.229;0.000;2.405;0.174;0.049;0.049;2.357;48.423;7.437;0.0006;7.287;0.000;7.225;3;2.62;2.62;17.50
2.63;2.351;0.170;0.0014;1.2;-0.811;0.927;131.240;7.188;0.000;2.351;0.169;0.049;0.049;2.302;47.129;7.402;0.0006;7.249;0.000;7.191;3;2.63;2.63;17.50
2.64;2.300;0.165;0.0014;1.2;-0.766;0.949;131.610;7.109;0.000;2.300;0.164;0.049;0.049;2.251;45.928;7.327;0.0006;7.172;0.000;7.119;3;2.64;2.64;17.50
2.65;2.254;0.159;0.0014;1.2;-0.743;0.949;131.980;6.995;0.000;2.254;0.158;0.049;0.049;2.205;44.813;7.214;0.0006;7.058;0.000;7.013;3;2.65;2.65;17.50
2.66;2.210;0.153;0.0013;1.2;-0.743;0.904;132.350;6.850;0.000;2.210;0.151;0.049;0.049;2.161;43.772;7.068;0.0006;6.911;0.000;6.877;3;2.66;2.66;17.50
2.67;2.169;0.146;0.0012;1.2;-0.743;0.904;132.740;6.683;0.000;2.169;0.145;0.050;0.050;2.120;42.782;6.896;0.0006;6.739;0.000;6.717;3;2.67;2.67;17.50
2.68;2.129;0.140;0.0011;1.2;-0.766;0.881;133.110;6.503;0.000;2.129;0.138;0.050;0.050;2.079;41.823;6.709;0.0005;6.553;0.000;6.541;3;2.68;2.68;17.50
2.69;2.089;0.133;0.0009;1.2;-0.698;0.949;133.480;6.322;0.000;2.089;0.132;0.050;0.050;2.040;40.876;6.521;0.0004;6.365;0.000;6.358;3;2.69;2.69;17.50
2.70;2.049;0.127;0.0007;1.2;-0.788;0.904;133.860;6.152;0.000;2.050;0.126;0.050;0.050;2.000;39.935;6.342;0.0004;6.187;0.000;6.179;3;2.70;2.70;17.50
2.71;2.010;0.121;0.0005;1.2;-0.788;0.904;134.220;6.001;0.000;2.010;0.121;0.050;0.050;1.959;38.999;6.182;0.0003;6.028;0.000;6.014;3;2.71;2.71;17.50
2.72;1.970;0.116;0.0004;1.2;-0.766;0.949;134.590;5.877;0.000;1.970;0.116;0.050;0.050;1.920;38.081;6.050;0.0002;5.895;0.000;5.873;3;2.72;2.72;17.50
2.73;1.933;0.112;0.0001;1.4;-0.180;1.356;134.960;5.786;0.000;1.933;0.112;0.051;0.051;1.882;37.197;5.949;0.0001;5.793;0.000;5.762;3;2.73;2.73;17.50
2.74;1.897;0.109;-0.0001;1.2;-0.743;0.972;135.330;5.728;0.000;1.897;0.109;0.051;0.051;1.846;36.367;5.880;-0.0001;5.722;0.000;5.683;3;2.74;2.74;17.50
2.75;1.865;0.106;-0.0004;1.3;-0.833;0.949;135.700;5.701;0.000;1.865;0.106;0.051;0.051;1.814;35.602;5.840;-0.0002;5.681;0.000;5.636;3;2.75;2.75;17.50
2.76;1.836;0.104;-0.0007;1.3;-0.833;1.062;136.060;5.701;0.000;1.836;0.105;0.051;0.051;1.785;34.908;5.826;-0.0004;5.663;0.000;5.616;3;2.76;2.76;17.50
2.77;1.810;0.103;-0.0010;1.4;-0.901;1.040;136.430;5.723;0.000;1.810;0.104;0.051;0.051;1.759;34.284;5.830;-0.0006;5.664;0.000;5.615;3;2.77;2.77;17.50
2.78;1.787;0.101;-0.0014;1.3;-0.788;0.972;136.800;5.757;0.000;1.787;0.103;0.051;0.051;1.736;33.722;5.846;-0.0008;5.677;0.000;5.625;3;2.78;2.78;17.50
2.79;1.768;0.101;-0.0018;1.3;-0.766;1.062;137.170;5.795;0.000;1.767;0.102;0.052;0.052;1.716;33.220;5.866;-0.0010;5.693;0.000;5.635;3;2.79;2.79;17.50
2.80;1.751;0.100;-0.0021;1.3;-0.811;1.040;137.540;5.827;0.000;1.751;0.102;0.052;0.052;1.699;32.782;5.881;-0.0012;5.706;0.000;5.637;3;2.80;2.80;17.50
2.81;1.738;0.099;-0.0023;1.4;-0.833;1.085;137.930;5.839;0.000;1.738;0.101;0.052;0.052;1.686;32.421;5.884;-0.0014;5.706;0.000;5.624;3;2.81;2.81;17.50
2.82;1.730;0.098;-0.0023;1.3;-0.856;1.040;138.300;5.820;0.000;1.730;0.101;0.052;0.052;1.678;32.158;5.865;-0.0014;5.687;0.000;5.591;3;2.82;2.82;17.50
2.83;1.729;0.098;-0.0020;1.3;-0.766;0.994;138.660;5.758;0.000;1.728;0.100;0.052;0.052;1.676;32.016;5.818;-0.0012;5.641;0.000;5.534;3;2.83;2.83;17.50
2.84;1.734;0.096;-0.0015;1.4;-0.878;1.040;139.030;5.649;0.000;1.734;0.098;0.053;0.053;1.681;32.013;5.738;-0.0009;5.563;0.000;5.452;3;2.84;2.84;17.50
2.85;1.747;0.095;-0.0007;1.4;-0.811;1.107;139.400;5.491;0.000;1.747;0.096;0.053;0.053;1.695;32.157;5.622;-0.0004;5.452;0.000;5.342;3;2.85;2.85;17.50
2.86;1.768;0.094;0.0003;1.4;-0.833;1.107;139.780;5.291;0.000;1.768;0.094;0.053;0.053;1.715;32.445;5.473;0.0002;5.309;0.000;5.206;3;2.86;2.86;17.50
2.87;1.796;0.092;0.0014;1.4;-0.856;1.107;140.140;5.060;0.000;1.797;0.091;0.053;0.053;1.743;32.868;5.294;0.0008;5.139;0.000;5.045;3;2.87;2.87;17.50
2.88;1.831;0.091;0.0024;1.3;-0.833;0.994;140.500;4.812;0.000;1.831;0.088;0.053;0.053;1.778;33.412;5.093;0.0014;4.946;0.000;4.861;3;2.88;2.88;17.50
2.89;1.872;0.089;0.0033;1.4;-0.811;1.085;140.860;4.558;0.000;1.872;0.085;0.053;0.053;1.819;34.066;4.874;0.0018;4.737;0.000;4.658;3;2.89;2.89;17.50
2.90;1.918;0.087;0.0039;1.4;-0.878;1.153;141.230;4.310;0.000;1.919;0.083;0.054;0.054;1.866;34.823;4.644;0.0021;4.516;0.000;4.441;3;2.90;2.90;18.00
2.91;1.971;0.085;0.0042;1.4;-0.878;1.153;141.610;4.076;0.000;1.972;0.080;0.054;0.054;1.918;35.686;4.407;0.0022;4.288;0.000;4.217;3;2.91;2.91;18.00
2.92;2.031;0.082;0.0040;1.5;-0.901;1.153;141.980;3.861;0.000;2.031;0.078;0.054;0.054;1.977;36.664;4.169;0.0020;4.060;0.000;3.992;3;2.92;2.92;18.00
2.93;2.097;0.080;0.0035;1.4;-0.833;1.085;142.350;3.668;0.000;2.098;0.077;0.054;0.054;2.044;37.767;3.936;0.0017;3.836;0.000;3.773;3;2.93;2.93;18.00
2.94;2.171;0.079;0.0026;1.4;-0.878;1.040;142.720;3.500;0.000;2.172;0.076;0.054;0.054;2.117;38.999;3.714;0.0012;3.622;0.000;3.567;3;2.94;2.94;18.00
2.95;2.253;0.077;0.0016;1.4;-0.856;1.153;143.090;3.357;0.000;2.253;0.076;0.054;0.054;2.199;40.361;3.511;0.0007;3.426;0.000;3.381;3;2.95;2.95;18.00
2.96;2.341;0.076;0.0004;1.5;-0.856;1.198;143.460;3.238;0.000;2.342;0.076;0.055;0.055;2.287;41.842;3.331;0.0002;3.253;0.000;3.221;3;2.96;2.96;18.00
2.97;2.436;0.076;-0.0008;1.5;-0.901;1.198;143.830;3.142;0.000;2.435;0.077;0.055;0.055;2.381;43.415;3.179;-0.0004;3.107;0.000;3.091;3;2.97;2.97;18.00
2.98;2.533;0.076;-0.0019;1.4;-0.833;1.153;144.200;3.069;0.000;2.533;0.078;0.055;0.055;2.478;45.039;3.059;-0.0008;2.992;0.000;2.992;3;2.98;2.98;18.00
2.99;2.631;0.077;-0.0028;1.5;-0.946;1.198;144.570;3.017;0.000;2.631;0.079;0.055;0.055;2.576;46.662;2.972;-0.0011;2.909;0.000;2.923;3;2.99;2.99;18.00
3.00;2.727;0.078;-0.0035;1.4;-0.901;1.085;144.940;2.984;0.000;2.726;0.081;0.055;0.055;2.671;48.226;2.915;-0.0013;2.855;0.000;2.882;3;3.00;3.00;18.00
3.01;2.816;0.080;-0.0039;1.4;-0.856;1.107;145.320;2.969;0.000;2.815;0.084;0.056;0.056;2.760;49.674;2.887;-0.0014;2.829;0.000;2.864;3;3.01;3.01;18.00
3.02;2.897;0.082;-0.0041;1.4;-0.833;1.175;145.680;2.970;0.000;2.896;0.086;0.056;0.056;2.840;50.963;2.882;-0.0015;2.826;0.000;2.865;3;3.02;3.02;18.00
3.03;2.968;0.084;-0.0042;1.5;-0.901;1.198;146.050;2.982;0.000;2.967;0.088;0.056;0.056;2.911;52.068;2.897;-0.0014;2.841;0.000;2.876;3;3.03;3.03;18.00
3.04;3.029;0.087;-0.0040;1.5;-0.901;1.198;146.420;3.002;0.000;3.029;0.091;0.056;0.056;2.973;52.991;2.924;-0.0014;2.869;0.000;2.887;3;3.04;3.04;18.00
3.05;3.083;0.089;-0.0037;1.5;-0.878;1.266;146.800;3.022;0.000;3.082;0.093;0.056;0.056;3.026;53.764;2.955;-0.0012;2.900;0.000;2.888;3;3.05;3.05;18.00
3.06;3.132;0.092;-0.0033;1.5;-0.878;1.220;147.170;3.031;0.000;3.131;0.095;0.056;0.056;3.075;54.464;2.981;-0.0011;2.926;0.000;2.864;3;3.06;3.06;18.00
3.07;3.186;0.093;-0.0026;1.5;-0.878;1.243;147.550;3.018;0.000;3.186;0.096;0.057;0.057;3.129;55.247;2.988;-0.0008;2.934;0.000;2.800;3;3.07;3.07;18.00
3.08;3.260;0.095;-0.0018;1.5;-0.923;1.220;147.920;2.966;0.000;3.260;0.097;0.057;0.057;3.203;56.379;2.961;-0.0006;2.909;0.000;2.689;3;3.08;3.08;18.00
3.09;3.378;0.096;-0.0008;1.5;-0.856;1.243;148.290;2.858;0.000;3.378;0.097;0.057;0.057;3.321;58.270;2.882;-0.0003;2.833;0.000;2.531;3;3.09;3.09;18.00
3.10;3.572;0.096;0.0003;1.6;-0.901;1.266;148.660;2.684;0.000;3.572;0.096;0.057;0.057;3.515;61.480;2.737;0.0001;2.693;0.000;2.339;3;3.10;3.10;18.00
3.11;3.881;0.097;0.0016;1.5;-0.811;1.266;149.070;2.448;0.000;3.881;0.095;0.057;0.057;3.824;66.665;2.526;0.0004;2.489;0.000;2.132;3;3.11;3.11;18.00
3.12;4.339;0.097;0.0028;1.5;-0.878;1.266;149.480;2.175;0.000;4.339;0.094;0.058;0.058;4.282;74.424;2.270;0.0007;2.240;0.000;1.935;3;3.12;3.12;18.00
3.13;4.969;0.098;0.0039;1.6;-0.833;1.311;149.860;1.904;0.000;4.969;0.095;0.058;0.058;4.912;85.093;2.005;0.0008;1.982;0.000;1.764;3;3.13;3.13;18.50
3.14;5.764;0.101;0.0046;1.6;-0.946;1.243;150.230;1.667;0.000;5.765;0.096;0.058;0.058;5.707;98.556;1.765;0.0008;1.747;0.000;1.629;3;3.14;3.14;18.50
3.15;6.684;0.104;0.0049;1.5;-0.856;1.288;150.600;1.484;0.000;6.685;0.099;0.058;0.058;6.627;114.082;1.571;0.0007;1.558;0.000;1.532;3;3.15;3.15;18.50
3.16;7.653;0.109;0.0047;1.6;-0.901;1.266;150.970;1.359;0.000;7.654;0.104;0.058;0.058;7.596;130.333;1.431;0.0006;1.420;0.000;1.469;3;3.16;3.16;19.00
3.17;8.572;0.114;0.0041;1.6;-0.923;1.266;151.350;1.284;0.000;8.573;0.110;0.058;0.058;8.514;145.614;1.341;0.0005;1.332;0.000;1.434;3;3.17;3.17;19.00
3.18;9.337;0.120;0.0032;1.6;-0.833;1.311;151.720;1.252;0.000;9.337;0.117;0.059;0.059;9.279;158.179;1.294;0.0003;1.286;0.000;1.419;3;3.18;3.18;19.00
3.19;9.871;0.126;0.0022;1.6;-0.833;1.379;152.100;1.253;0.000;9.871;0.124;0.059;0.059;9.812;166.737;1.284;0.0002;1.276;0.000;1.416;3;3.19;3.19;19.00
3.20;10.142;0.131;0.0014;1.6;-0.856;1.401;152.480;1.282;0.000;10.142;0.130;0.059;0.059;10.083;170.781;1.303;0.0001;1.296;0.000;1.419;3;3.20;3.20;19.00
3.21;10.173;0.136;0.0007;1.6;-0.743;1.469;152.860;1.332;0.000;10.173;0.135;0.059;0.059;10.114;170.762;1.347;0.0001;1.339;0.000;1.423;3;3.21;3.21;19.00
3.22;10.042;0.140;0.0003;1.6;-0.833;1.424;153.230;1.394;0.000;10.042;0.140;0.059;0.059;9.983;168.008;1.405;0.0000;1.397;0.000;1.426;3;3.22;3.22;19.00
3.23;9.864;0.144;-0.0002;1.6;-0.811;1.356;153.590;1.460;0.000;9.864;0.144;0.060;0.060;9.805;164.480;1.467;0.0000;1.458;0.000;1.427;3;3.23;3.23;19.00
3.24;9.756;0.147;-0.0009;1.7;-0.856;1.424;156.800;1.519;0.000;9.756;0.148;0.060;0.060;9.696;162.149;1.518;-0.0001;1.509;0.000;1.429;3;3.24;3.24;19.00
3.25;9.813;0.151;-0.0022;1.6;-0.766;1.401;157.590;1.560;0.000;9.813;0.153;0.060;0.060;9.753;162.572;1.547;-0.0002;1.538;0.000;1.431;3;3.25;3.25;19.00
3.26;10.084;0.155;-0.0043;1.6;-0.721;1.401;158.030;1.582;0.000;10.083;0.160;0.060;0.060;10.023;166.550;1.548;-0.0004;1.539;0.000;1.436;3;3.26;3.26;19.00
3.27;10.564;0.160;-0.0074;1.7;-0.698;1.514;158.420;1.588;0.000;10.562;0.168;0.060;0.060;10.502;173.957;1.526;-0.0007;1.517;0.000;1.445;3;3.27;3.27;19.00
3.28;11.190;0.166;-0.0115;1.6;-0.631;1.424;158.790;1.588;0.000;11.187;0.178;0.061;0.061;11.127;183.730;1.493;-0.0010;1.485;0.000;1.458;3;3.28;3.28;19.00
3.29;11.870;0.173;-0.0165;1.6;-0.541;1.469;159.170;1.594;0.000;11.866;0.189;0.061;0.061;11.806;194.329;1.462;-0.0014;1.454;0.000;1.474;3;3.29;3.29;19.00
3.30;12.502;0.179;-0.0220;1.6;-0.428;1.514;159.540;1.611;0.000;12.498;0.201;0.061;0.061;12.437;204.081;1.442;-0.0018;1.434;0.000;1.493;3;3.30;3.30;19.00
3.31;12.999;0.186;-0.0275;1.5;-0.405;1.469;159.900;1.643;0.000;12.993;0.213;0.061;0.061;12.932;211.554;1.438;-0.0021;1.430;0.000;1.513;3;3.31;3.31;19.00
3.32;13.304;0.192;-0.0328;1.4;-0.428;1.356;160.270;1.691;0.000;13.297;0.225;0.061;0.061;13.236;215.852;1.450;-0.0025;1.443;0.000;1.535;3;3.32;3.32;19.00
3.33;13.404;0.197;-0.0376;1.4;-0.563;1.311;160.640;1.751;0.000;13.396;0.235;0.062;0.062;13.335;216.792;1.478;-0.0028;1.470;0.000;1.557;3;3.33;3.33;19.00
3.34;13.321;0.201;-0.0416;1.4;-0.541;1.288;161.010;1.823;0.000;13.313;0.243;0.062;0.062;13.251;214.767;1.517;-0.0031;1.509;0.000;1.580;3;3.34;3.34;19.00
3.35;13.103;0.204;-0.0449;1.4;-0.495;1.288;161.380;1.900;0.000;13.094;0.249;0.062;0.062;13.032;210.583;1.564;-0.0034;1.556;0.000;1.603;3;3.35;3.35;18.50
3.36;12.807;0.206;-0.0477;1.4;-0.563;1.243;161.740;1.980;0.000;12.798;0.253;0.062;0.062;12.736;205.182;1.615;-0.0037;1.606;0.000;1.627;3;3.36;3.36;18.50
3.37;12.491;0.207;-0.0501;1.5;-0.586;1.333;162.110;2.058;0.000;12.481;0.257;0.062;0.062;12.419;199.479;1.664;-0.0040;1.655;0.000;1.651;3;3.37;3.37;18.50
3.38;12.197;0.207;-0.0522;1.4;-0.608;1.288;162.490;2.129;0.000;12.187;0.259;0.062;0.062;12.124;194.178;1.710;-0.0043;1.700;0.000;1.676;3;3.38;3.38;18.50
3.39;11.956;0.208;-0.0537;1.4;-0.586;1.266;162.860;2.190;0.000;11.945;0.262;0.063;0.063;11.882;189.739;1.749;-0.0045;1.738;0.000;1.701;3;3.39;3.39;18.50
3.40;11.781;0.208;-0.0546;1.3;-0.541;1.175;163.230;2.235;0.000;11.770;0.263;0.063;0.063;11.708;186.396;1.780;-0.0047;1.769;0.000;1.724;3;3.40;3.40;18.50
3.41;11.678;0.209;-0.0543;1.4;-0.586;1.311;163.600;2.258;0.000;11.667;0.263;0.063;0.063;11.604;184.213;1.802;-0.0047;1.791;0.000;1.744;3;3.41;3.41;18.50
3.42;11.645;0.210;-0.0526;1.4;-0.563;1.288;163.970;2.255;0.000;11.634;0.262;0.063;0.063;11.571;183.142;1.813;-0.0045;1.802;0.000;1.757;3;3.42;3.42;18.50
3.43;11.674;0.210;-0.0492;1.3;-0.586;1.107;164.340;2.226;0.000;11.664;0.260;0.063;0.063;11.601;183.077;1.814;-0.0042;1.803;0.000;1.763;3;3.43;3.43;18.50
3.44;11.758;0.211;-0.0442;1.4;-0.563;1.243;164.710;2.172;0.000;11.749;0.255;0.064;0.064;11.686;183.879;1.805;-0.0038;1.794;0.000;1.761;3;3.44;3.44;18.50
3.45;11.887;0.211;-0.0382;1.4;-0.586;1.288;165.080;2.099;0.000;11.880;0.249;0.064;0.064;11.816;185.392;1.787;-0.0032;1.777;0.000;1.751;3;3.45;3.45;18.50
3.46;12.052;0.211;-0.0316;1.5;-0.563;1.401;165.440;2.017;0.000;12.046;0.243;0.064;0.064;11.982;187.448;1.764;-0.0026;1.753;0.000;1.735;3;3.46;3.46;18.50
3.47;12.241;0.212;-0.0253;1.5;-0.608;1.379;165.810;1.936;0.000;12.236;0.237;0.064;0.064;12.172;189.879;1.738;-0.0021;1.728;0.000;1.717;3;3.47;3.47;18.50
3.48;12.445;0.212;-0.0197;1.5;-0.653;1.333;166.180;1.863;0.000;12.442;0.232;0.064;0.064;12.377;192.522;1.713;-0.0016;1.704;0.000;1.699;3;3.48;3.48;18.50
3.49;12.655;0.213;-0.0153;1.4;-0.586;1.243;166.560;1.805;0.000;12.652;0.228;0.064;0.064;12.588;195.235;1.693;-0.0012;1.684;0.000;1.683;3;3.49;3.49;18.50
3.50;12.863;0.215;-0.0121;1.4;-0.563;1.333;166.940;1.763;0.000;12.861;0.227;0.065;0.065;12.796;197.886;1.678;-0.0009;1.669;0.000;1.672;3;3.50;3.50;19.00
3.51;13.064;0.217;-0.0100;1.4;-0.676;1.243;167.300;1.737;0.000;13.062;0.227;0.065;0.065;12.997;200.407;1.669;-0.0008;1.660;0.000;1.665;3;3.51;3.51;19.00
3.52;13.254;0.220;-0.0088;1.4;-0.608;1.288;167.680;1.723;0.000;13.253;0.228;0.065;0.065;13.188;202.746;1.665;-0.0007;1.657;0.000;1.663;3;3.52;3.52;19.00
3.53;13.432;0.223;-0.0081;1.5;-0.698;1.379;168.050;1.717;0.000;13.431;0.231;0.065;0.065;13.365;204.881;1.665;-0.0006;1.657;0.000;1.663;3;3.53;3.53;19.00
3.54;13.598;0.226;-0.0076;1.5;-0.586;1.424;168.420;1.715;0.000;13.596;0.233;0.065;0.065;13.531;206.810;1.667;-0.0006;1.659;0.000;1.664;3;3.54;3.54;19.00
3.55;13.751;0.228;-0.0071;1.4;-0.676;1.266;168.790;1.712;0.000;13.750;0.235;0.066;0.066;13.684;208.553;1.668;-0.0005;1.660;0.000;1.664;3;3.55;3.55;19.00
3.56;13.896;0.231;-0.0066;1.5;-0.743;1.333;169.160;1.708;0.000;13.895;0.237;0.066;0.066;13.829;210.147;1.668;-0.0005;1.660;0.000;1.660;3;3.56;3.56;19.00
3.57;14.036;0.232;-0.0061;1.4;-0.653;1.288;169.530;1.699;0.000;14.034;0.238;0.066;0.066;13.968;211.658;1.663;-0.0004;1.656;0.000;1.651;3;3.57;3.57;19.00
3.58;14.177;0.233;-0.0057;1.6;-0.653;1.446;169.910;1.687;0.000;14.176;0.239;0.066;0.066;14.110;213.192;1.655;-0.0004;1.647;0.000;1.635;3;3.58;3.58;19.00
3.59;14.333;0.234;-0.0056;1.5;-0.676;1.288;170.290;1.672;0.000;14.332;0.240;0.066;0.066;14.265;214.919;1.640;-0.0004;1.633;0.000;1.612;3;3.59;3.59;19.00
3.60;14.518;0.234;-0.0059;1.6;-0.563;1.469;170.660;1.652;0.000;14.517;0.240;0.067;0.067;14.451;217.089;1.619;-0.0004;1.612;0.000;1.582;3;3.60;3.60;19.00
3.61;14.756;0.234;-0.0067;1.5;-0.721;1.288;171.030;1.629;0.000;14.755;0.240;0.067;0.067;14.688;220.026;1.591;-0.0005;1.583;0.000;1.545;3;3.61;3.61;19.00
3.62;15.071;0.233;-0.0080;1.5;-0.676;1.356;171.400;1.600;0.000;15.069;0.241;0.067;0.067;15.002;224.095;1.553;-0.0005;1.546;0.000;1.502;3;3.62;3.62;19.00
3.63;15.486;0.232;-0.0099;1.5;-0.721;1.333;171.790;1.564;0.000;15.484;0.242;0.067;0.067;15.417;229.641;1.506;-0.0006;1.500;0.000;1.456;3;3.63;3.63;19.00
3.64;16.017;0.231;-0.0123;1.5;-0.653;1.311;172.170;1.522;0.000;16.015;0.244;0.067;0.067;15.947;236.869;1.451;-0.0008;1.445;0.000;1.408;3;3.64;3.64;19.00
3.65;16.660;0.231;-0.0149;1.6;-0.653;1.446;172.540;1.473;0.000;16.657;0.245;0.068;0.068;16.590;245.721;1.390;-0.0009;1.384;0.000;1.361;3;3.65;3.65;19.00
3.66;17.389;0.230;-0.0176;1.5;-0.631;1.379;172.910;1.423;0.000;17.386;0.247;0.068;0.068;17.318;255.789;1.327;-0.0010;1.321;0.000;1.318;3;3.66;3.66;19.00
3.67;18.152;0.229;-0.0204;1.5;-0.608;1.401;173.280;1.375;0.000;18.148;0.250;0.068;0.068;18.080;266.297;1.267;-0.0011;1.262;0.000;1.280;3;3.67;3.67;19.00
3.68;18.876;0.229;-0.0231;1.5;-0.631;1.379;173.660;1.334;0.000;18.871;0.252;0.068;0.068;18.803;276.168;1.217;-0.0012;1.212;0.000;1.249;3;3.68;3.68;19.00
3.69;19.477;0.229;-0.0256;1.5;-0.653;1.379;174.050;1.305;0.000;19.472;0.254;0.068;0.068;19.404;284.198;1.178;-0.0013;1.174;0.000;1.227;8;3.69;3.69;19.00
3.70;19.881;0.229;-0.0279;1.6;-0.653;1.424;174.420;1.291;0.000;19.876;0.257;0.068;0.068;19.807;289.285;1.155;-0.0014;1.151;0.000;1.214;8;3.70;3.70;19.50
3.71;20.037;0.229;-0.0299;1.6;-0.631;1.514;174.790;1.293;0.000;20.031;0.259;0.069;0.069;19.962;290.714;1.148;-0.0015;1.143;0.000;1.211;8;3.71;3.71;19.50
3.72;19.923;0.229;-0.0316;1.6;-0.631;1.514;175.160;1.311;0.000;19.917;0.261;0.069;0.069;19.848;288.233;1.156;-0.0016;1.151;0.000;1.217;8;3.72;3.72;19.50
3.73;19.557;0.230;-0.0328;1.5;-0.631;1.401;175.530;1.342;0.000;19.551;0.262;0.069;0.069;19.482;282.138;1.179;-0.0017;1.174;0.000;1.230;8;3.73;3.73;19.00
3.74;18.988;0.229;-0.0334;1.6;-0.653;1.446;175.900;1.385;0.000;18.981;0.263;0.069;0.069;18.912;273.134;1.213;-0.0018;1.208;0.000;1.251;8;3.74;3.74;19.00
3.75;18.281;0.229;-0.0332;1.6;-0.631;1.446;176.260;1.434;0.000;18.274;0.262;0.069;0.069;18.205;262.207;1.257;-0.0018;1.252;0.000;1.277;8;3.75;3.75;19.00
3.76;17.509;0.228;-0.0322;1.6;-0.698;1.492;176.630;1.485;0.000;17.502;0.260;0.070;0.070;17.433;250.397;1.306;-0.0018;1.300;0.000;1.307;8;3.76;3.76;19.00
3.77;16.735;0.226;-0.0305;1.6;-0.631;1.446;176.990;1.532;0.000;16.729;0.256;0.070;0.070;16.659;238.632;1.355;-0.0018;1.349;0.000;1.339;8;3.77;3.77;19.00
3.78;16.009;0.223;-0.0283;1.6;-0.698;1.446;177.370;1.573;0.000;16.003;0.252;0.070;0.070;15.933;227.621;1.403;-0.0018;1.396;0.000;1.372;8;3.78;3.78;19.00
3.79;15.362;0.221;-0.0258;1.7;-0.743;1.582;177.740;1.605;0.000;15.357;0.247;0.070;0.070;15.287;217.795;1.444;-0.0017;1.437;0.000;1.403;8;3.79;3.79;19.00
3.80;14.808;0.218;-0.0233;1.7;-0.698;1.559;178.100;1.628;0.000;14.804;0.241;0.070;0.070;14.733;209.339;1.478;-0.0016;1.470;0.000;1.431;8;3.80;3.80;19.00
3.81;14.348;0.214;-0.0209;1.7;-0.698;1.559;178.480;1.641;0.000;14.344;0.235;0.071;0.071;14.273;202.257;1.503;-0.0015;1.495;0.000;1.454;8;3.81;3.81;19.00
3.82;13.974;0.211;-0.0188;1.7;-0.788;1.492;178.840;1.645;0.000;13.970;0.230;0.071;0.071;13.899;196.430;1.518;-0.0014;1.510;0.000;1.472;8;3.82;3.82;19.00
3.83;13.674;0.207;-0.0169;1.7;-0.698;1.537;179.230;1.641;0.000;13.670;0.224;0.071;0.071;13.599;191.675;1.526;-0.0012;1.517;0.000;1.484;8;3.83;3.83;19.00
3.84;13.434;0.204;-0.0151;1.7;-0.743;1.514;179.600;1.630;0.000;13.431;0.219;0.071;0.071;13.360;187.801;1.526;-0.0011;1.517;0.000;1.489;8;3.84;3.84;19.00
3.85;13.244;0.200;-0.0134;1.8;-0.743;1.605;179.970;1.613;0.000;13.242;0.214;0.071;0.071;13.170;184.638;1.520;-0.0010;1.512;0.000;1.488;8;3.85;3.85;19.00
3.86;13.094;0.197;-0.0117;1.7;-0.676;1.537;180.340;1.591;0.000;13.092;0.208;0.072;0.072;13.020;182.048;1.510;-0.0009;1.502;0.000;1.481;8;3.86;3.86;19.00
3.87;12.977;0.193;-0.0101;1.7;-0.698;1.605;180.730;1.567;0.000;12.975;0.203;0.072;0.072;12.903;179.931;1.497;-0.0008;1.489;0.000;1.472;8;3.87;3.87;19.00
3.88;12.888;0.190;-0.0087;1.7;-0.743;1.582;181.100;1.543;0.000;12.886;0.199;0.072;0.072;12.814;178.221;1.483;-0.0007;1.475;0.000;1.460;8;3.88;3.88;19.00
3.89;12.824;0.187;-0.0077;1.7;-0.721;1.582;181.470;1.520;0.000;12.823;0.195;0.072;0.072;12.751;176.872;1.469;-0.0006;1.460;0.000;1.447;8;3.89;3.89;19.00
3.90;12.784;0.185;-0.0072;1.7;-0.676;1.537;181.840;1.502;0.000;12.782;0.192;0.072;0.072;12.710;175.845;1.454;-0.0006;1.446;0.000;1.435;8;3.90;3.90;19.00
3.91;12.763;0.183;-0.0071;1.7;-0.653;1.537;182.210;1.489;0.000;12.762;0.190;0.072;0.072;12.690;175.100;1.442;-0.0006;1.433;0.000;1.424;8;3.91;3.91;19.00
3.92;12.760;0.182;-0.0076;1.8;-0.676;1.650;182.570;1.482;0.000;12.758;0.189;0.073;0.073;12.686;174.591;1.431;-0.0006;1.423;0.000;1.415;8;3.92;3.92;19.00
3.93;12.770;0.181;-0.0085;1.7;-0.653;1.605;182.950;1.480;0.000;12.768;0.189;0.073;0.073;12.695;174.264;1.422;-0.0007;1.414;0.000;1.408;8;3.93;3.93;19.00
3.94;12.789;0.180;-0.0097;1.7;-0.631;1.582;183.320;1.482;0.000;12.787;0.190;0.073;0.073;12.714;174.066;1.415;-0.0008;1.407;0.000;1.403;8;3.94;3.94;19.00
3.95;12.814;0.180;-0.0110;1.7;-0.676;1.537;183.690;1.487;0.000;12.812;0.191;0.073;0.073;12.738;173.949;1.409;-0.0009;1.401;0.000;1.399;8;3.95;3.95;19.00
3.96;12.841;0.179;-0.0124;1.8;-0.676;1.695;184.060;1.493;0.000;12.839;0.192;0.073;0.073;12.765;173.869;1.404;-0.0010;1.396;0.000;1.396;8;3.96;3.96;19.00
3.97;12.869;0.179;-0.0137;1.7;-0.743;1.537;184.430;1.498;0.000;12.866;0.193;0.074;0.074;12.793;173.791;1.400;-0.0011;1.391;0.000;1.392;8;3.97;3.97;19.00
3.98;12.894;0.179;-0.0148;1.8;-0.653;1.672;184.810;1.501;0.000;12.892;0.194;0.074;0.074;12.818;173.682;1.394;-0.0012;1.386;0.000;1.388;8;3.98;3.98;19.00
3.99;12.915;0.178;-0.0158;1.7;-0.653;1.582;185.180;1.503;0.000;12.912;0.194;0.074;0.074;12.838;173.514;1.388;-0.0012;1.380;0.000;1.382;8;3.99;3.99;19.00
4.00;12.930;0.177;-0.0166;1.7;-0.653;1.559;185.560;1.501;0.000;12.927;0.194;0.074;0.074;12.853;173.264;1.381;-0.0013;1.372;0.000;1.374;8;4.00;4.00;19.00
4.01;12.938;0.176;-0.0172;1.7;-0.676;1.582;185.930;1.497;0.000;12.935;0.194;0.074;0.074;12.860;172.925;1.372;-0.0013;1.364;0.000;1.365;8;4.01;4.01;19.00
4.02;12.941;0.175;-0.0176;1.8;-0.676;1.695;186.300;1.491;0.000;12.938;0.193;0.075;0.075;12.863;172.520;1.363;-0.0014;1.355;0.000;1.353;8;4.02;4.02;19.00
4.03;12.944;0.174;-0.0179;1.8;-0.608;1.672;186.670;1.484;0.000;12.940;0.192;0.075;0.075;12.865;172.111;1.353;-0.0014;1.345;0.000;1.339;8;4.03;4.03;19.00
4.04;12.954;0.173;-0.0181;1.8;-0.676;1.627;187.050;1.476;0.000;12.950;0.191;0.075;0.075;12.875;171.806;1.343;-0.0014;1.335;0.000;1.324;8;4.04;4.04;19.00
4.05;12.983;0.172;-0.0183;1.7;-0.631;1.627;187.430;1.467;0.000;12.979;0.190;0.075;0.075;12.904;171.757;1.334;-0.0014;1.326;0.000;1.310;8;4.05;4.05;19.00
4.06;13.044;0.172;-0.0184;1.8;-0.721;1.650;187.790;1.457;0.000;13.041;0.190;0.075;0.075;12.965;172.137;1.324;-0.0014;1.316;0.000;1.296;8;4.06;4.06;19.00
4.07;13.151;0.172;-0.0185;1.9;-0.653;1.763;188.180;1.447;0.000;13.147;0.190;0.076;0.076;13.072;173.111;1.314;-0.0014;1.306;0.000;1.283;8;4.07;4.07;19.00
4.08;13.312;0.172;-0.0187;1.8;-0.653;1.718;188.550;1.435;0.000;13.308;0.191;0.076;0.076;13.232;174.797;1.302;-0.0014;1.294;0.000;1.272;8;4.08;4.08;19.00
4.09;13.530;0.173;-0.0189;1.7;-0.653;1.582;188.910;1.421;0.000;13.526;0.192;0.076;0.076;13.450;177.230;1.289;-0.0014;1.281;0.000;1.261;8;4.09;4.09;19.00
4.10;13.800;0.175;-0.0191;1.8;-0.631;1.650;189.290;1.404;0.000;13.796;0.194;0.076;0.076;13.720;180.340;1.272;-0.0014;1.265;0.000;1.251;8;4.10;4.10;19.00
4.11;14.109;0.176;-0.0194;1.8;-0.653;1.718;189.660;1.383;0.000;14.106;0.195;0.076;0.076;14.029;183.943;1.252;-0.0014;1.245;0.000;1.239;8;4.11;4.11;19.00
4.12;14.437;0.177;-0.0198;1.9;-0.608;1.763;190.030;1.360;0.000;14.433;0.196;0.076;0.076;14.357;187.771;1.229;-0.0014;1.223;0.000;1.225;8;4.12;4.12;19.00
4.13;14.760;0.177;-0.0203;1.8;-0.608;1.672;190.400;1.335;0.000;14.756;0.197;0.077;0.077;14.680;191.516;1.204;-0.0014;1.197;0.000;1.208;8;4.13;4.13;19.00
4.14;15.053;0.176;-0.0208;1.9;-0.653;1.740;190.760;1.310;0.000;15.049;0.197;0.077;0.077;14.972;194.844;1.178;-0.0014;1.172;0.000;1.190;8;4.14;4.14;19.00
4.15;15.292;0.176;-0.0213;1.9;-0.631;1.785;191.130;1.288;0.000;15.287;0.197;0.077;0.077;15.210;197.461;1.154;-0.0014;1.148;0.000;1.171;8;4.15;4.15;19.00
4.16;15.461;0.175;-0.0217;1.8;-0.518;1.695;191.500;1.271;0.000;15.456;0.196;0.077;0.077;15.379;199.159;1.137;-0.0014;1.131;0.000;1.155;8;4.16;4.16;19.00
4.17;15.551;0.174;-0.0219;1.9;-0.631;1.740;191.870;1.263;0.000;15.547;0.196;0.077;0.077;15.469;199.837;1.128;-0.0014;1.122;0.000;1.144;8;4.17;4.17;19.00
4.18;15.562;0.175;-0.0218;1.9;-0.586;1.763;192.250;1.265;0.000;15.558;0.197;0.078;0.078;15.480;199.489;1.130;-0.0014;1.125;0.000;1.140;8;4.18;4.18;19.00
4.19;15.512;0.177;-0.0214;1.8;-0.631;1.650;192.620;1.277;0.000;15.508;0.198;0.078;0.078;15.430;198.358;1.145;-0.0014;1.139;0.000;1.145;8;4.19;4.19;19.00
4.20;15.435;0.180;-0.0206;1.8;-0.541;1.763;193.000;1.298;0.000;15.431;0.200;0.078;0.078;15.353;196.879;1.170;-0.0013;1.164;0.000;1.158;8;4.20;4.20;19.00
4.21;15.371;0.184;-0.0195;1.8;-0.563;1.740;193.370;1.323;0.000;15.367;0.203;0.078;0.078;15.289;195.590;1.202;-0.0013;1.195;0.000;1.177;8;4.21;4.21;19.00
4.22;15.367;0.189;-0.0185;1.8;-0.586;1.740;193.740;1.348;0.000;15.363;0.207;0.078;0.078;15.285;195.058;1.234;-0.0012;1.227;0.000;1.201;8;4.22;4.22;19.00
4.23;15.463;0.194;-0.0177;1.9;-0.586;1.808;194.110;1.369;0.000;15.460;0.212;0.079;0.079;15.381;195.814;1.261;-0.0012;1.254;0.000;1.226;8;4.23;4.23;19.00
4.24;15.669;0.199;-0.0176;1.9;-0.541;1.853;196.480;1.385;0.000;15.666;0.217;0.079;0.079;15.587;197.956;1.280;-0.0011;1.273;0.000;1.252;8;4.24;4.24;19.00
4.25;15.961;0.205;-0.0181;1.8;-0.586;1.740;197.220;1.398;0.000;15.957;0.223;0.079;0.079;15.878;201.172;1.290;-0.0011;1.284;0.000;1.278;8;4.25;4.25;19.00
4.26;16.288;0.210;-0.0194;1.9;-0.518;1.785;197.630;1.409;0.000;16.284;0.230;0.079;0.079;16.205;204.817;1.296;-0.0012;1.290;0.000;1.303;8;4.26;4.26;19.00
4.27;16.583;0.215;-0.0212;1.8;-0.586;1.672;198.020;1.424;0.000;16.579;0.236;0.079;0.079;16.499;208.034;1.302;-0.0013;1.296;0.000;1.328;8;4.27;4.27;19.00
4.28;16.770;0.219;-0.0233;1.8;-0.541;1.695;198.410;1.446;0.000;16.765;0.242;0.079;0.079;16.686;209.884;1.313;-0.0014;1.306;0.000;1.352;8;4.28;4.28;19.00
4.29;16.804;0.223;-0.0252;1.8;-0.563;1.740;198.780;1.476;0.000;16.799;0.248;0.080;0.080;16.719;209.802;1.332;-0.0015;1.325;0.000;1.377;8;4.29;4.29;19.00
4.30;16.672;0.225;-0.0269;1.9;-0.495;1.785;199.150;1.513;0.000;16.667;0.252;0.080;0.080;16.587;207.644;1.358;-0.0016;1.351;0.000;1.400;8;4.30;4.30;19.00
4.31;16.392;0.227;-0.0280;1.8;-0.586;1.740;199.520;1.556;0.000;16.387;0.255;0.080;0.080;16.307;203.655;1.392;-0.0017;1.384;0.000;1.422;8;4.31;4.31;19.00
4.32;16.009;0.227;-0.0287;1.9;-0.518;1.785;199.880;1.601;0.000;16.003;0.256;0.080;0.080;15.923;198.387;1.428;-0.0018;1.421;0.000;1.441;8;4.32;4.32;19.00
4.33;15.580;0.227;-0.0290;1.8;-0.586;1.718;200.260;1.643;0.000;15.575;0.256;0.080;0.080;15.494;192.593;1.464;-0.0019;1.456;0.000;1.457;8;4.33;4.33;19.00
4.34;15.162;0.225;-0.0291;1.8;-0.518;1.740;200.630;1.678;0.000;15.156;0.254;0.081;0.081;15.076;186.950;1.495;-0.0019;1.486;0.000;1.468;8;4.34;4.34;19.00
4.35;14.798;0.223;-0.0290;1.9;-0.518;1.785;200.990;1.704;0.000;14.792;0.252;0.081;0.081;14.711;182.000;1.516;-0.0020;1.507;0.000;1.473;8;4.35;4.35;19.00
4.36;14.518;0.220;-0.0289;1.8;-0.495;1.740;201.360;1.717;0.000;14.512;0.249;0.081;0.081;14.431;178.121;1.527;-0.0020;1.518;0.000;1.473;8;4.36;4.36;19.00
4.37;14.342;0.218;-0.0288;1.8;-0.541;1.740;201.730;1.718;0.000;14.336;0.246;0.081;0.081;14.255;175.532;1.527;-0.0020;1.517;0.000;1.468;8;4.37;4.37;19.00
4.38;14.275;0.215;-0.0286;1.9;-0.495;1.785;202.100;1.708;0.000;14.270;0.244;0.081;0.081;14.188;174.304;1.516;-0.0020;1.507;0.000;1.458;8;4.38;4.38;19.00
4.39;14.316;0.213;-0.0285;1.9;-0.495;1.831;202.470;1.688;0.000;14.311;0.241;0.082;0.082;14.229;174.399;1.497;-0.0020;1.487;0.000;1.445;8;4.39;4.39;19.00
4.40;14.454;0.211;-0.0285;1.9;-0.541;1.808;202.840;1.660;0.000;14.448;0.240;0.082;0.082;14.366;175.670;1.471;-0.0020;1.462;0.000;1.431;8;4.40;4.40;19.00
4.41;14.666;0.210;-0.0284;1.9;-0.586;1.763;203.210;1.627;0.000;14.661;0.239;0.082;0.082;14.579;177.853;1.442;-0.0020;1.433;0.000;1.416;8;4.41;4.41;19.00
4.42;14.923;0.209;-0.0285;1.9;-0.563;1.808;203.580;1.594;0.000;14.918;0.238;0.082;0.082;14.835;180.568;1.411;-0.0019;1.403;0.000;1.401;8;4.42;4.42;19.00
4.43;15.187;0.209;-0.0288;1.9;-0.541;1.853;203.960;1.565;0.000;15.181;0.238;0.082;0.082;15.099;183.349;1.383;-0.0019;1.375;0.000;1.389;8;4.43;4.43;19.00
4.44;15.416;0.208;-0.0293;1.9;-0.586;1.853;204.330;1.541;0.000;15.410;0.238;0.083;0.083;15.327;185.695;1.359;-0.0019;1.351;0.000;1.379;8;4.44;4.44;19.00
4.45;15.571;0.208;-0.0302;1.8;-0.541;1.672;204.690;1.528;0.000;15.565;0.238;0.083;0.083;15.482;187.138;1.341;-0.0020;1.333;0.000;1.372;8;4.45;4.45;19.00
4.46;15.621;0.207;-0.0316;1.8;-0.608;1.718;205.060;1.526;0.000;15.615;0.238;0.083;0.083;15.532;187.315;1.331;-0.0020;1.323;0.000;1.368;8;4.46;4.46;19.00
4.47;15.551;0.205;-0.0335;1.9;-0.563;1.853;205.430;1.537;0.000;15.544;0.239;0.083;0.083;15.461;186.033;1.329;-0.0022;1.321;0.000;1.367;8;4.47;4.47;19.00
4.48;15.358;0.204;-0.0359;1.9;-0.586;1.808;205.810;1.560;0.000;15.351;0.239;0.083;0.083;15.267;183.281;1.333;-0.0024;1.325;0.000;1.369;8;4.48;4.48;19.00
4.49;15.054;0.201;-0.0388;1.8;-0.518;1.718;206.190;1.593;0.000;15.046;0.240;0.083;0.083;14.963;179.214;1.343;-0.0026;1.335;0.000;1.372;8;4.49;4.49;19.00
4.50;14.662;0.197;-0.0420;1.9;-0.495;1.831;206.550;1.634;0.000;14.653;0.239;0.084;0.084;14.570;174.111;1.355;-0.0029;1.347;0.000;1.375;8;4.50;4.50;19.00
4.51;14.209;0.193;-0.0455;1.9;-0.541;1.808;206.920;1.680;0.000;14.200;0.239;0.084;0.084;14.116;168.304;1.368;-0.0032;1.359;0.000;1.378;8;4.51;4.51;19.00
4.52;13.721;0.188;-0.0492;1.8;-0.541;1.718;207.290;1.728;0.000;13.712;0.237;0.084;0.084;13.627;162.116;1.377;-0.0036;1.368;0.000;1.377;8;4.52;4.52;19.00
4.53;13.222;0.181;-0.0530;1.8;-0.563;1.740;207.660;1.774;0.000;13.212;0.234;0.084;0.084;13.128;155.817;1.382;-0.0040;1.372;0.000;1.373;7;4.53;4.53;19.00
4.54;12.729;0.174;-0.0567;1.9;-0.541;1.785;208.030;1.816;0.000;12.717;0.231;0.084;0.084;12.633;149.615;1.379;-0.0045;1.368;0.000;1.363;7;4.54;4.54;18.50
4.55;12.250;0.166;-0.0605;1.9;-0.563;1.808;208.410;1.853;0.000;12.238;0.227;0.085;0.085;12.154;143.627;1.368;-0.0050;1.357;0.000;1.348;7;4.55;4.55;18.50
4.56;11.794;0.158;-0.0641;1.9;-0.586;1.763;208.770;1.885;0.000;11.781;0.222;0.085;0.085;11.696;137.920;1.350;-0.0055;1.339;0.000;1.327;7;4.56;4.56;18.50
4.57;11.362;0.149;-0.0676;1.9;-0.608;1.808;209.140;1.911;0.000;11.348;0.217;0.085;0.085;11.263;132.525;1.325;-0.0060;1.314;0.000;1.301;7;4.57;4.57;18.50
4.58;10.955;0.141;-0.0706;2.0;-0.563;1.876;209.520;1.930;0.000;10.940;0.211;0.085;0.085;10.855;127.447;1.295;-0.0065;1.283;0.000;1.270;7;4.58;4.58;18.50
4.59;10.571;0.132;-0.0730;1.9;-0.541;1.808;209.900;1.943;0.000;10.557;0.205;0.085;0.085;10.471;122.674;1.262;-0.0070;1.250;0.000;1.237;7;4.59;4.59;18.50
4.60;10.211;0.124;-0.0745;2.0;-0.518;1.898;210.260;1.948;0.000;10.196;0.199;0.086;0.086;10.110;118.185;1.228;-0.0074;1.215;0.000;1.204;7;4.60;4.60;18.50
4.61;9.870;0.117;-0.0748;2.0;-0.631;1.876;210.650;1.943;0.000;9.855;0.191;0.086;0.086;9.769;113.949;1.194;-0.0077;1.182;0.000;1.171;7;4.61;4.61;18.50
4.62;9.546;0.110;-0.0737;2.0;-0.541;1.921;211.010;1.926;0.000;9.531;0.184;0.086;0.086;9.445;109.936;1.163;-0.0078;1.151;0.000;1.141;7;4.62;4.62;18.50
4.63;9.237;0.104;-0.0712;1.9;-0.541;1.853;211.380;1.897;0.000;9.223;0.175;0.086;0.086;9.137;106.118;1.136;-0.0078;1.124;0.000;1.114;7;4.63;4.63;18.50
4.64;8.942;0.098;-0.0673;1.9;-0.608;1.831;211.740;1.856;0.000;8.929;0.166;0.086;0.086;8.842;102.480;1.113;-0.0076;1.101;0.000;1.091;7;4.64;4.64;18.50
4.65;8.662;0.094;-0.0627;2.0;-0.586;1.876;212.110;1.808;0.000;8.649;0.156;0.086;0.086;8.563;99.025;1.094;-0.0073;1.082;0.000;1.071;7;4.65;4.65;18.50
4.66;8.397;0.090;-0.0577;1.9;-0.563;1.831;212.480;1.756;0.000;8.386;0.147;0.087;0.087;8.299;95.771;1.079;-0.0070;1.066;0.000;1.054;7;4.66;4.66;18.50
4.67;8.152;0.086;-0.0530;1.9;-0.495;1.853;212.850;1.706;0.000;8.141;0.139;0.087;0.087;8.054;92.750;1.066;-0.0066;1.053;0.000;1.039;7;4.67;4.67;18.50
4.68;7.929;0.083;-0.0491;2.0;-0.676;1.898;213.220;1.663;0.000;7.919;0.132;0.087;0.087;7.832;90.000;1.054;-0.0063;1.042;0.000;1.025;7;4.68;4.68;18.50
4.69;7.732;0.080;-0.0463;1.9;-0.586;1.853;213.590;1.631;0.000;7.723;0.126;0.087;0.087;7.636;87.557;1.043;-0.0061;1.030;0.000;1.013;7;4.69;4.69;18.50
4.70;7.564;0.077;-0.0447;2.0;-0.495;1.921;213.960;1.612;0.000;7.555;0.122;0.087;0.087;7.467;85.443;1.032;-0.0060;1.019;0.000;1.000;7;4.70;4.70;18.50
4.71;7.424;0.075;-0.0443;1.9;-0.608;1.808;214.330;1.605;0.000;7.415;0.119;0.088;0.088;7.328;83.669;1.020;-0.0060;1.006;0.000;0.988;7;4.71;4.71;18.50
4.72;7.314;0.073;-0.0448;2.0;-0.586;1.898;214.700;1.609;0.000;7.305;0.118;0.088;0.088;7.217;82.231;1.007;-0.0062;0.994;0.000;0.976;7;4.72;4.72;18.50
4.73;7.231;0.071;-0.0462;2.0;-0.586;1.944;215.060;1.623;0.000;7.222;0.117;0.088;0.088;7.134;81.113;0.995;-0.0065;0.982;0.000;0.965;7;4.73;4.73;18.50
4.74;7.174;0.070;-0.0482;2.0;-0.608;1.898;215.430;1.647;0.000;7.164;0.118;0.088;0.088;7.076;80.289;0.986;-0.0068;0.972;0.000;0.957;7;4.74;4.74;18.50
4.75;7.140;0.069;-0.0507;2.0;-0.631;1.944;215.810;1.678;0.000;7.130;0.120;0.088;0.088;7.042;79.733;0.979;-0.0072;0.965;0.000;0.951;7;4.75;4.75;18.50
4.76;7.128;0.068;-0.0536;2.1;-0.608;1.966;216.180;1.715;0.000;7.117;0.122;0.089;0.089;7.029;79.414;0.975;-0.0076;0.961;0.000;0.949;7;4.76;4.76;18.50
4.77;7.133;0.068;-0.0566;2.0;-0.541;1.944;216.550;1.756;0.000;7.122;0.125;0.089;0.089;7.033;79.302;0.973;-0.0081;0.960;0.000;0.949;7;4.77;4.77;18.50
4.78;7.155;0.069;-0.0597;2.0;-0.608;1.944;216.920;1.798;0.000;7.143;0.128;0.089;0.089;7.054;79.369;0.974;-0.0085;0.960;0.000;0.951;7;4.78;4.78;18.50
4.79;7.190;0.069;-0.0628;2.0;-0.495;1.944;217.290;1.838;0.000;7.177;0.132;0.089;0.089;7.088;79.586;0.975;-0.0089;0.961;0.000;0.954;7;4.79;4.79;18.50
4.80;7.235;0.070;-0.0658;1.9;-0.518;1.853;217.660;1.875;0.000;7.222;0.135;0.089;0.089;7.133;79.924;0.975;-0.0092;0.962;0.000;0.956;7;4.80;4.80;18.50
4.81;7.290;0.070;-0.0687;2.1;-0.518;2.011;218.030;1.906;0.000;7.276;0.139;0.089;0.089;7.186;80.357;0.974;-0.0096;0.960;0.000;0.956;7;4.81;4.81;18.50
4.82;7.350;0.070;-0.0714;2.0;-0.563;1.921;218.400;1.932;0.000;7.336;0.142;0.090;0.090;7.246;80.861;0.971;-0.0099;0.957;0.000;0.954;7;4.82;4.82;18.50
4.83;7.416;0.071;-0.0740;2.1;-0.563;1.989;218.780;1.953;0.000;7.401;0.145;0.090;0.090;7.311;81.416;0.965;-0.0101;0.951;0.000;0.949;7;4.83;4.83;18.50
4.84;7.485;0.071;-0.0764;2.1;-0.586;1.966;219.170;1.967;0.000;7.470;0.147;0.090;0.090;7.380;82.009;0.956;-0.0104;0.942;0.000;0.941;7;4.84;4.84;18.50
4.85;7.557;0.070;-0.0786;2.0;-0.563;1.921;219.540;1.974;0.000;7.541;0.149;0.090;0.090;7.451;82.629;0.943;-0.0106;0.929;0.000;0.928;7;4.85;4.85;18.50
4.86;7.631;0.069;-0.0807;2.0;-0.541;1.966;219.910;1.971;0.000;7.614;0.150;0.090;0.090;7.524;83.272;0.923;-0.0107;0.910;0.000;0.909;7;4.86;4.86;18.50
4.87;7.706;0.068;-0.0824;2.1;-0.518;2.011;220.290;1.954;0.000;7.690;0.150;0.091;0.091;7.599;83.931;0.893;-0.0108;0.881;0.000;0.881;7;4.87;4.87;18.50
4.88;7.783;0.065;-0.0838;2.1;-0.586;2.034;220.680;1.919;0.000;7.766;0.149;0.091;0.091;7.675;84.597;0.849;-0.0109;0.837;0.000;0.838;7;4.88;4.88;18.50
4.89;7.859;0.061;-0.0850;2.0;-0.518;1.944;221.050;1.862;0.000;7.842;0.146;0.091;0.091;7.751;85.257;0.788;-0.0110;0.777;0.000;0.778;7;4.89;4.89;18.50
4.90;7.932;0.055;-0.0859;2.1;-0.541;2.034;221.420;1.784;0.000;7.915;0.141;0.091;0.091;7.824;85.890;0.708;-0.0110;0.698;0.000;0.700;7;4.90;4.90;18.50
4.91;8.002;0.048;-0.0865;2.1;-0.563;1.989;221.790;1.687;0.000;7.985;0.135;0.091;0.091;7.893;86.474;0.611;-0.0110;0.602;0.000;0.605;7;4.91;4.91;18.50
4.92;8.065;0.040;-0.0870;2.1;-0.541;2.034;222.150;1.577;0.000;8.048;0.127;0.091;0.091;7.956;86.985;0.503;-0.0109;0.496;0.000;0.498;7;4.92;4.92;18.50
4.93;8.120;0.031;-0.0873;2.1;-0.495;2.079;222.520;1.465;0.000;8.102;0.119;0.092;0.092;8.011;87.405;0.392;-0.0109;0.386;0.000;0.388;7;4.93;4.93;18.50
4.94;8.166;0.023;-0.0876;2.1;-0.495;2.034;222.890;1.358;0.000;8.148;0.111;0.092;0.092;8.056;87.721;0.287;-0.0109;0.283;0.000;0.284;7;4.94;4.94;19.00
4.95;8.202;0.016;-0.0878;2.0;-0.495;1.966;223.270;1.266;0.000;8.185;0.104;0.092;0.092;8.093;87.936;0.195;-0.0108;0.192;0.000;0.193;7;4.95;4.95;19.00
4.96;8.231;0.010;-0.0880;2.0;-0.518;1.944;223.640;1.193;0.000;8.213;0.098;0.092;0.092;8.121;88.063;0.123;-0.0108;0.121;0.000;"";7;4.96;4.96;19.00
4.97;8.253;0.006;-0.0882;2.0;-0.518;1.944;224.010;1.139;0.000;8.235;0.094;0.092;0.092;8.143;88.119;0.069;-0.0108;0.068;0.000;"";7;4.97;4.97;19.00
4.98;8.270;0.003;-0.0884;2.0;-0.518;1.966;224.380;1.105;0.000;8.253;0.091;0.093;0.093;8.160;88.123;0.034;-0.0108;0.034;0.000;"";7;4.98;4.98;19.00
4.99;8.286;0.001;-0.0886;2.2;-0.608;2.124;224.750;1.079;0.000;8.268;0.089;0.093;0.093;8.175;88.104;0.008;-0.0108;0.008;0.000;"";7;4.99;4.99;19.00
5.00;8.298;0.000;-0.0888;2.2;-0.495;2.124;225.110;1.072;0.000;8.280;0.089;0.093;0.093;8.187;88.052;0.000;-0.0108;0.000;0.000;"";8;5.00;5.00;19.00
[CLASSIFICATION];"";"";"";"";"";"";"";"";"";"";"";"";"";"";"";"";"";"";"";"";"";"";"";""
Method;Robertson 1986;"";"";"";"";"";"";"";"";"";"";"";"";"";"";"";"";"";"";"";"";"";"";""
From;To;ID;Description;"";"";"";"";"";"";"";"";"";"";"";"";"";"";"";"";"";"";"";"";""
[m];[m];"";"";"";"";"";"";"";"";"";"";"";"";"";"";"";"";"";"";"";"";"";"";""
0.00;1.05;0101;Sensitive fine grained;"";"";"";"";"";"";"";"";"";"";"";"";"";"";"";"";"";"";"";"";""
1.05;1.51;0109;Sand;"";"";"";"";"";"";"";"";"";"";"";"";"";"";"";"";"";"";"";"";""
1.51;2.49;0108;Sand to silty sand;"";"";"";"";"";"";"";"";"";"";"";"";"";"";"";"";"";"";"";"";""
2.49;3.69;0103;Clay;"";"";"";"";"";"";"";"";"";"";"";"";"";"";"";"";"";"";"";"";""
3.69;4.53;0108;Sand to silty sand;"";"";"";"";"";"";"";"";"";"";"";"";"";"";"";"";"";"";"";"";""
4.53;5.00;0107;Silty sand to sandy silt;"";"";"";"";"";"";"";"";"";"";"";"";"";"";"";"";"";"";"";"";""
"";"";"";"";"";"";"";"";"";"";"";"";"";"";"";"";"";"";"";"";"";"";"";"";""
